id,Gougouhema_0,Djero_0,Dargue_0,Dargue_4
2002-01-01,0.0,0.0,0.0,0.0
2002-01-06,0.0,0.0,0.0,0.0
2002-01-11,0.0,0.0,0.0,0.0
2002-01-16,0.0,0.0,0.0,0.0
2002-01-21,0.0,0.0,7.490796252190626e-06,7.572617197299462e-06
2002-01-26,1.2732778387203325e-08,1.9047520893877845e-08,7.811117464197201e-05,7.896420076995238e-05
2002-02-01,0.0,0.0,0.0,0.0
2002-02-06,0.0,0.0,0.0,0.0
2002-02-11,0.0,0.0,0.0,0.0
2002-02-16,0.00010033914441009983,0.00015298408106900752,0.0001111594693865931,0.00011172121744170297
2002-02-21,0.008861718699336052,0.01341640017926693,0.005132769055751706,0.005131120896931556
2002-02-26,0.014442096464335918,0.02181302383542061,0.008179986679875904,0.008174107276807618
2002-03-01,0.03924315422773361,0.041423384100198746,0.004021863501378068,0.003975216376069119
2002-03-06,0.055638015270233154,0.06549503654241562,0.013406922537345023,0.01334785447636912
2002-03-11,0.06357968598604202,0.07646886259317398,0.018707506859045684,0.018644983174153685
2002-03-16,0.06899041682481766,0.08597388863563538,0.02645792198538338,0.026399795840014065
2002-03-21,0.08310968428850174,0.12014143913984299,0.05314089811879968,0.053106235631938954
2002-03-26,0.14215053617954254,0.2304692566394806,0.14359503738893842,0.14362533624154572
2002-04-01,0.0,0.20571421086788177,0.11289314359927789,0.11289638559948348
2002-04-06,0.013990672305226326,1.236951231956482,0.16121058964963378,0.16126254326428438
2002-04-11,0.04789372906088829,0.4813459813594818,0.8023241238843766,0.8024981157295462
2002-04-16,0.13013087213039398,0.2431432157754898,0.3308910512689949,0.3324439175210803
2002-04-21,0.3365226089954376,0.2737724184989929,0.2681315447267611,0.2683584190939793
2002-04-26,0.6105775833129883,0.346902072429657,0.3862025520834444,0.3866094552987236
2002-05-01,0.7200136780738831,1.8698664903640747,0.45200637027978047,0.4527119618333725
2002-05-06,0.6613835096359253,0.539398193359375,0.47174515041645415,0.4724371509179411
2002-05-11,1.0893781185150146,0.5050062537193298,0.49958258390049076,0.5002888883226254
2002-05-16,2.2631735801696777,1.6683236360549927,0.48800935900656484,0.4886041787260808
2002-05-21,4.49608039855957,0.5705615878105164,1.190759096344062,1.1926719234626995
2002-05-26,1.3735384941101074,2.775763988494873,0.5036306201846664,0.5037056829444811
2002-06-01,7.361625671386719,16.700183868408203,14.05737260957413,14.044502384834626
2002-06-06,1.607506275177002,2.971372127532959,5.785067168801336,5.785024896800868
2002-06-11,15.429829597473145,10.495107650756836,16.292472096996264,16.27554171679436
2002-06-16,0.5738644599914551,5.835505962371826,1.5781262728623182,1.5768305159732696
2002-06-21,6.718804359436035,16.427047729492188,4.519308085509493,4.517905628104241
2002-06-26,14.102546691894531,15.674642562866211,3.59421864481481,3.5984195215419192
2002-07-01,8.871350288391113,5.904630184173584,9.196476147327065,9.170372246491821
2002-07-06,12.968035697937012,2.485653877258301,7.9073724399729155,7.928000622379052
2002-07-11,9.937479972839355,4.305160999298096,10.514007739249006,10.516475022330443
2002-07-16,4.682986736297607,16.07977294921875,22.952886840367977,22.958920058401244
2002-07-21,20.740053176879883,8.495635032653809,24.220818822517433,24.217024998800476
2002-07-26,51.39888381958008,51.684444427490234,30.7975601845167,30.806601885641015
2002-08-01,14.760760307312012,13.319170951843262,36.2856552324841,36.33133187162615
2002-08-06,3.2339069843292236,14.893075942993164,27.125475947885885,27.121988751338403
2002-08-11,15.467621803283691,47.20269012451172,35.75475666967947,35.7567575380026
2002-08-16,15.344465255737305,28.516435623168945,19.689867540686073,19.7072313354128
2002-08-21,17.158761978149414,32.48611068725586,20.07205262830763,20.07409703860549
2002-08-26,25.030170440673828,36.27886199951172,15.507725372155612,15.524637667160142
2002-09-01,6.927583694458008,10.47689151763916,18.963064890366372,18.983559849607705
2002-09-06,20.0257625579834,29.568403244018555,14.325943616603869,14.337320332512677
2002-09-11,15.741813659667969,16.716590881347656,18.355306950823177,18.372836491514242
2002-09-16,20.458641052246094,1.48655366897583,21.0474089448862,21.077403388004665
2002-09-21,6.337967395782471,14.294981956481934,9.950956823576975,9.964683946740326
2002-09-26,1.4930667877197266,8.444486618041992,2.6598363131216725,2.667852151953118
2002-10-01,5.469631671905518,12.147183418273926,10.69039387029922,10.71475768677449
2002-10-06,0.5643603801727295,1.7708401679992676,0.8608371387308856,0.8617404890892532
2002-10-11,3.566298723220825,0.21896196901798248,0.17607209994658668,0.17598352670164377
2002-10-16,0.14667043089866638,0.07415848225355148,0.0,0.0
2002-10-21,0.0632534772157669,0.013323347084224224,0.0,0.0
2002-10-26,0.0,0.0,0.0,0.0
2002-11-01,0.18253791332244873,0.16732414066791534,0.11378527147845952,0.11395239864425612
2002-11-06,0.04136376082897186,0.035267919301986694,0.02351555446564984,0.02354998276743621
2002-11-11,0.0,0.0,0.0,0.0
2002-11-16,0.0,0.0,0.0,0.0
2002-11-21,0.0,0.0,0.0,0.0
2002-11-26,0.0,0.0,0.0,0.0
2002-12-01,0.00145512237213552,6.385952655563187e-09,4.1580282671154925e-09,4.164139294585831e-09
2002-12-06,0.00028453540289774537,0.0,0.0,0.0
2002-12-11,0.0,0.0,0.0,0.0
2002-12-16,0.0,0.0,0.0,0.0
2002-12-21,0.0,0.0,0.0,0.0
2002-12-26,0.0,0.0,0.0,0.0
2003-01-01,0.0,0.0,0.0,0.0
2003-01-06,0.0,0.0,0.0,0.0
2003-01-11,0.0,0.0,0.0,0.0
2003-01-16,0.0,0.0,0.0,0.0
2003-01-21,0.0,0.0,7.489646656114404e-06,7.571455005319676e-06
2003-01-26,1.2732781051738584e-08,1.904777313654904e-08,7.809920348956073e-05,7.89520984784268e-05
2003-02-01,0.0,0.0,0.0,0.0
2003-02-06,0.0,0.0,0.0,0.0
2003-02-11,0.0,0.0,0.0,0.0
2003-02-16,0.00010032764839706942,0.00015282974345609546,0.0001111595197824896,0.00011172126863895648
2003-02-21,0.008860702626407146,0.01340288482606411,0.0051327779144748,0.00513112980227905
2003-02-26,0.014440434984862804,0.021791040897369385,0.008179992926432334,0.008174113551338688
2003-03-01,0.03911059722304344,0.03954459726810455,0.00402684011170972,0.003980113776194752
2003-03-06,0.055450037121772766,0.06252437084913254,0.013338411866270373,0.013279565718824703
2003-03-11,0.0633649155497551,0.07300051301717758,0.018730265006383053,0.018667595685491617
2003-03-16,0.06875741481781006,0.08207439631223679,0.02649003958488253,0.02643175159686962
2003-03-21,0.08282911777496338,0.13377952575683594,0.053205153081216504,0.05317028373118438
2003-03-26,0.14246730506420135,0.22001582384109497,0.14368407841010908,0.14371411213768537
2003-04-01,0.0,0.2228797823190689,0.14278099291001678,0.14278809294940006
2003-04-06,0.01193293184041977,0.29273977875709534,0.20461201852788694,0.20468269978697445
2003-04-11,0.040967099368572235,0.2799205183982849,0.44639055861763133,0.44635744081604334
2003-04-16,0.10807367414236069,0.28039559721946716,0.27581320474474535,0.27598177562599757
2003-04-21,0.27948206663131714,0.31766703724861145,0.33912219900876395,0.3394157847719127
2003-04-26,0.5821291208267212,0.38043904304504395,0.4884561238581431,0.4889801568355112
2003-05-01,0.5183655023574829,0.39612993597984314,0.40189552014333146,0.40256408908255176
2003-05-06,0.5761376023292542,0.46375805139541626,0.46854082617129117,0.4692697006858382
2003-05-11,0.5273957252502441,0.897010862827301,0.46927878685070956,0.46997889030123696
2003-05-16,3.4590718746185303,3.9028515815734863,0.4845212891982689,0.48518002687761
2003-05-21,1.5590120553970337,1.1661580801010132,0.4527851113543763,0.4531882237442241
2003-05-26,4.644826889038086,7.703332901000977,4.129004745491531,4.13046836934518
2003-06-01,2.002025842666626,24.498910903930664,25.0274000047288,25.01689930369853
2003-06-06,9.839656829833984,6.689170837402344,1.977930893345276,1.988267130321348
2003-06-11,8.805573463439941,6.668966770172119,5.615136369079975,5.611159707263887
2003-06-16,18.358295440673828,9.198997497558594,21.29454324321962,21.28853651322106
2003-06-21,10.990921974182129,14.293766021728516,4.814640996613127,4.805200881645674
2003-06-26,44.644813537597656,15.19646167755127,22.675797312580666,22.67521650465191
2003-07-01,6.373156547546387,13.17757511138916,13.965654315519302,13.984025830049445
2003-07-06,63.4654655456543,25.23952865600586,37.30387280199129,37.315064120755046
2003-07-11,11.26398754119873,20.078353881835938,11.938273122243938,11.936650037843693
2003-07-16,5.09358549118042,28.740461349487305,31.245747378310067,31.25910750755742
2003-07-21,12.9634370803833,5.3271331787109375,8.037554932284817,8.040878626807455
2003-07-26,2.015530586242676,48.5150146484375,5.9817513393088,5.994810775890502
2003-08-01,30.16836929321289,28.598939895629883,35.22027593268867,35.25067831445724
2003-08-06,13.316823959350586,53.916927337646484,23.591502120106046,23.606109975195178
2003-08-11,16.10976791381836,36.15222930908203,38.374650043738235,38.39587068346112
2003-08-16,14.439936637878418,17.29649543762207,18.78865413737161,18.787030747413652
2003-08-21,25.130929946899414,28.67922592163086,55.23368945230849,55.26247360040557
2003-08-26,30.79065704345703,35.80272674560547,51.03753810838043,51.1077654316393
2003-09-01,31.194419860839844,29.883434295654297,29.134843588379088,29.162370939389685
2003-09-06,14.531746864318848,19.205272674560547,10.266081941581083,10.279176426587856
2003-09-11,12.48802661895752,28.316638946533203,11.492991219914826,11.51065034572413
2003-09-16,16.92005157470703,7.249335765838623,11.761389567666011,11.771130432591184
2003-09-21,6.077656269073486,12.140869140625,21.311078479084955,21.340825649620573
2003-09-26,0.984845757484436,4.061328411102295,0.8168511584444368,0.8175684969615663
2003-10-01,0.8261433243751526,1.7156765460968018,2.5166360387896556,2.5188479854291272
2003-10-06,0.44815152883529663,0.5986701250076294,0.27822339347192254,0.2784943246965316
2003-10-11,0.19381685554981232,0.529366672039032,0.02854107828189187,0.028594310114000945
2003-10-16,0.09363703429698944,0.09064888954162598,0.0,0.0
2003-10-21,0.04065413773059845,0.014113160781562328,0.0,0.0
2003-10-26,0.0,0.0,0.0,0.0
2003-11-01,0.18326742947101593,0.1692049354314804,0.11171346603381888,0.11187641169894795
2003-11-06,0.0415291003882885,0.035842373967170715,0.02308735628919147,0.02312092190888952
2003-11-11,0.0,0.0,0.0,0.0
2003-11-16,0.0,0.0,0.0,0.0
2003-11-21,0.0,0.0,0.0,0.0
2003-11-26,0.0,0.0,0.0,0.0
2003-12-01,0.0014553088694810867,6.386702722238624e-09,4.159739370487329e-09,4.165851534025639e-09
2003-12-06,0.00028457166627049446,0.0,0.0,0.0
2003-12-11,0.0,0.0,0.0,0.0
2003-12-16,0.0,0.0,0.0,0.0
2003-12-21,0.0,0.0,0.0,0.0
2003-12-26,0.0,0.0,0.0,0.0
2004-01-01,0.0,0.0,0.0,0.0
2004-01-06,0.0,0.0,0.0,0.0
2004-01-11,0.0,0.0,0.0,0.0
2004-01-16,0.0,0.0,0.0,0.0
2004-01-21,0.0,0.0,7.489646647098696e-06,7.5714549972288314e-06
2004-01-26,1.273276417634861e-08,1.9047822874540543e-08,7.809915096318302e-05,7.895204536924396e-05
2004-02-01,0.0,0.0,0.0,0.0
2004-02-06,0.0,0.0,0.0,0.0
2004-02-11,0.0,0.0,0.0,0.0
2004-02-16,0.0001003388169920072,0.00015295497723855078,0.00011115953149376309,0.00011172128064163262
2004-02-21,0.008861709386110306,0.013416375033557415,0.00513277204267912,0.005131123911833615
2004-02-26,0.014442077837884426,0.021812977269291878,0.008179987269913598,0.008174107997393664
2004-03-01,0.03924313932657242,0.04129727929830551,0.004025530312983176,0.0039788202796923145
2004-03-06,0.05563804507255554,0.06529560685157776,0.013334073218219009,0.013275248909645867
2004-03-11,0.06357967853546143,0.07623609155416489,0.018724171510376513,0.018661526154430536
2004-03-16,0.06899046897888184,0.08570859581232071,0.026481411440327552,0.026423146801817923
2004-03-21,0.08310973644256592,0.11977560073137283,0.05318787800879071,0.05315302824100976
2004-03-26,0.1421506404876709,0.23050090670585632,0.14372175516408825,0.1437516857957744
2004-04-01,0.0,0.21574711799621582,0.11859757299970698,0.11858724356735806
2004-04-06,0.010201983153820038,1.0168250799179077,0.16941853822069003,0.16945326422864343
2004-04-11,0.03502465784549713,0.2631204128265381,0.19000953012366667,0.19006920294983315
2004-04-16,0.0923972800374031,0.25788605213165283,0.2109733878661293,0.21107097685411363
2004-04-21,0.2388121485710144,0.28370919823646545,0.2807744555623631,0.28097980496988834
2004-04-26,0.8546944856643677,2.915602684020996,0.43225967465103293,0.4326660532857776
2004-05-01,0.6573298573493958,0.9048181772232056,0.6419385393332553,0.6432409677647314
2004-05-06,0.6742448806762695,0.46872788667678833,0.7379019028512962,0.7393173685408643
2004-05-11,3.840717315673828,0.493712455034256,4.924846986733419,4.934306633523095
2004-05-16,8.841268539428711,4.463341236114502,5.4437377554579385,5.4525096586664406
2004-05-21,7.207220554351807,0.892863392829895,7.278631425266618,7.2855634222283205
2004-05-26,7.992937088012695,0.5263875722885132,9.466145555818823,9.47334738889105
2004-06-01,3.147874593734741,8.171119689941406,3.7364513688780967,3.7355236383559185
2004-06-06,4.0873870849609375,8.446435928344727,18.521743456822524,18.525044702401654
2004-06-11,0.5836265087127686,11.894750595092773,0.5881087964210436,0.5879024626044275
2004-06-16,4.865321636199951,4.003352165222168,3.0149856260738277,3.0206105903505516
2004-06-21,12.186838150024414,1.2095404863357544,14.200450325897183,14.19985381039202
2004-06-26,6.850155830383301,4.890070915222168,14.720670465554663,14.71981515221151
2004-07-01,9.344247817993164,15.009628295898438,16.485498284734945,16.475142876399268
2004-07-06,14.1611909866333,29.332263946533203,24.102642102015846,24.123246699185664
2004-07-11,2.21496844291687,13.339485168457031,11.05642024514747,11.070622004481445
2004-07-16,22.414079666137695,24.28224754333496,27.65066568497855,27.662683021739326
2004-07-21,23.114511489868164,15.146665573120117,35.01225211155935,35.07784559474131
2004-07-26,25.290019989013672,16.271944046020508,10.981883320212685,10.998618869175036
2004-08-01,24.331201553344727,31.5452938079834,44.238739459391546,44.27199338216855
2004-08-06,34.94139862060547,33.17262268066406,26.904070910237788,26.930172146991712
2004-08-11,10.271058082580566,3.285853862762451,24.366228911209966,24.388660132414554
2004-08-16,19.17926788330078,13.314948081970215,35.71350570347365,35.73084323933406
2004-08-21,37.47296142578125,42.82107925415039,26.97569355853883,26.98615455616321
2004-08-26,4.980766773223877,24.907245635986328,7.17358764100517,7.183683974591194
2004-09-01,5.447494983673096,27.891189575195312,9.031839023292106,9.035654178757202
2004-09-06,21.90258026123047,19.26754379272461,4.290906987773084,4.298189087038195
2004-09-11,5.275618076324463,6.641119003295898,2.4166329056903058,2.4212257079334085
2004-09-16,4.829010963439941,2.046576738357544,3.175949069773177,3.1801456114001705
2004-09-21,1.0197343826293945,0.9484012722969055,0.7920619262688358,0.7931333602274463
2004-09-26,4.490164756774902,3.552891254425049,4.522673013277194,4.528957793637155
2004-10-01,3.98836612701416,2.2108798027038574,0.7547203820127903,0.7555030317016427
2004-10-06,0.48405590653419495,0.3803953230381012,0.3512975003406722,0.3516774210788036
2004-10-11,0.22821560502052307,0.13760627806186676,0.03647395684364114,0.036546418651554266
2004-10-16,0.09813258051872253,0.04789072275161743,0.0,0.0
2004-10-21,0.04389594867825508,0.008545317687094212,0.0,0.0
2004-10-26,0.0,0.0,0.0,0.0
2004-11-01,0.18322494626045227,0.1696854829788208,0.11171340261461495,0.11187634790674857
2004-11-06,0.04151951149106026,0.0356568917632103,0.02308735542482072,0.02312092132426517
2004-11-11,0.0,0.0,0.0,0.0
2004-11-16,0.0,0.0,0.0,0.0
2004-11-21,0.0,0.0,0.0,0.0
2004-11-26,0.0,0.0,0.0,0.0
2004-12-01,0.001455357181839645,6.387345763414487e-09,4.159757296404048e-09,4.165869488844287e-09
2004-12-06,0.0002845811250153929,0.0,0.0,0.0
2004-12-11,0.0,0.0,0.0,0.0
2004-12-16,0.0,0.0,0.0,0.0
2004-12-21,0.0,0.0,0.0,0.0
2004-12-26,0.0,0.0,0.0,0.0
2005-01-01,0.0,0.0,0.0,0.0
2005-01-06,0.0,0.0,0.0,0.0
2005-01-11,0.0,0.0,0.0,0.0
2005-01-16,0.0,0.0,0.0,0.0
2005-01-21,0.0,0.0,7.486077169938744e-06,7.567846584676089e-06
2005-01-26,1.2732772169954387e-08,1.9047435628749554e-08,7.806195255307797e-05,7.891444130288899e-05
2005-02-01,0.0,0.0,0.0,0.0
2005-02-06,0.0,0.0,0.0,0.0
2005-02-11,0.0,0.0,0.0,0.0
2005-02-16,0.00010044826194643974,0.0001520643272669986,0.00011082028303667643,0.00011138041322484385
2005-02-21,0.008871362544596195,0.013335753232240677,0.005117069229978753,0.005115434070043427
2005-02-26,0.014457802288234234,0.021681880578398705,0.008154960637536143,0.008149112332947711
2005-03-01,0.040055230259895325,0.040786273777484894,0.0055949384664800575,0.0055307445927353345
2005-03-06,0.056789331138134,0.06448766589164734,0.01854093375263094,0.01846091325171245
2005-03-11,0.06489533931016922,0.07517819851636887,0.02603756257110739,0.02595279421351764
2005-03-16,0.07041807472705841,0.08464806526899338,0.036827329319336174,0.03674939043036767
2005-03-21,0.08482949435710907,0.11829347908496857,0.07397478154857325,0.0739318802304994
2005-03-26,0.1450922191143036,0.22636301815509796,0.19990185671257754,0.19995754475577662
2005-04-01,0.0,0.2633778154850006,0.12135130132958162,0.12133481605805203
2005-04-06,0.011333689093589783,0.31290531158447266,0.17335017161106836,0.17337744800848057
2005-04-11,0.0389099158346653,0.31376132369041443,0.19441811807747847,0.19446999754067143
2005-04-16,0.1026468351483345,0.30737990140914917,0.5000651983956793,0.5004757903848869
2005-04-21,0.2656823396682739,0.3461035490036011,0.3091226639594334,0.30707937742168046
2005-04-26,0.6733238697052002,0.6476647257804871,0.5159857403625326,0.5164473551194195
2005-05-01,12.046090126037598,0.6465137004852295,2.033443211419314,2.0371295122400865
2005-05-06,0.9695369005203247,0.7036625742912292,1.9813884760489513,1.9846152490959215
2005-05-11,0.9250164031982422,0.6535502076148987,0.7213431409703557,0.7225051196776583
2005-05-16,0.8418285846710205,0.6200980544090271,0.7062037726635396,0.7072385247762497
2005-05-21,0.7605822682380676,0.7231628894805908,0.6996235158058892,0.7003295272029462
2005-05-26,9.079096794128418,10.506641387939453,2.070623495728302,2.0715557917124725
2005-06-01,14.618852615356445,15.372159004211426,4.99360560607222,4.990230678114183
2005-06-06,11.000068664550781,11.409555435180664,19.448148480170936,19.453264681299455
2005-06-11,6.499100685119629,8.857232093811035,0.8413616166386381,0.8406490602191445
2005-06-16,2.9774515628814697,10.810834884643555,31.75563074414009,31.796408681956333
2005-06-21,13.928363800048828,8.09922981262207,7.432816343335163,7.423179310741842
2005-06-26,38.92237854003906,37.33137130737305,21.028647244402965,21.035627805944397
2005-07-01,17.332860946655273,21.162282943725586,14.242174548816385,14.258841700593415
2005-07-06,30.664915084838867,22.036771774291992,51.50070968083681,51.499519648111644
2005-07-11,38.21699905395508,17.464599609375,20.169478564150147,20.17839947448928
2005-07-16,14.648707389831543,22.777034759521484,13.513830398729143,13.520010465891652
2005-07-21,2.708458185195923,11.926051139831543,8.065928692491683,8.068621176385209
2005-07-26,16.80204963684082,13.653304100036621,28.091604481913965,28.11821099654834
2005-08-01,4.6014485359191895,24.91594696044922,6.291588601576456,6.312853532845341
2005-08-06,22.225200653076172,47.7160758972168,29.669188965163443,29.679081892796457
2005-08-11,38.47636032104492,34.90913009643555,47.36127515073928,47.410361279281844
2005-08-16,26.196842193603516,55.58135986328125,33.21342686635882,33.22708699599268
2005-08-21,4.210538864135742,27.495187759399414,9.310949976441655,9.329646021913717
2005-08-26,5.326335430145264,28.401552200317383,13.021312713487884,13.011910263283442
2005-09-01,13.522921562194824,16.267873764038086,30.29609598774795,30.342715921758337
2005-09-06,33.187034606933594,4.95332145690918,24.6535810198881,24.693522588939665
2005-09-11,2.0404250621795654,8.662485122680664,2.9152026091303527,2.9186181141983956
2005-09-16,4.947667121887207,7.478209018707275,12.652422139272522,12.668070695301157
2005-09-21,15.087525367736816,1.3972272872924805,29.522806955659025,29.567983129454607
2005-09-26,1.0732581615447998,18.955263137817383,6.182700311493154,6.19836765454706
2005-10-01,4.684645652770996,15.015986442565918,3.9909561524609622,3.9953364584089575
2005-10-06,0.30213305354118347,0.46453341841697693,0.313626257063841,0.31398113967452035
2005-10-11,0.13022194802761078,0.18771424889564514,0.030178652861018285,0.030238544057260036
2005-10-16,0.06335554271936417,0.05859467759728432,0.0,0.0
2005-10-21,0.027327777817845345,0.010435433126986027,0.0,0.0
2005-10-26,0.0,0.0,0.0,0.0
2005-11-01,0.18283861875534058,0.1715986728668213,0.1115004764182512,0.11166377441470313
2005-11-06,0.041431963443756104,0.03505906090140343,0.023043357481231583,0.02307699641314807
2005-11-11,0.0,0.0,0.0,0.0
2005-11-16,0.0,0.0,0.0,0.0
2005-11-21,0.0,0.0,0.0,0.0
2005-11-26,0.0,0.0,0.0,0.0
2005-12-01,0.0014551228377968073,6.387030904164703e-09,4.158027378937074e-09,4.164138406407417e-09
2005-12-06,0.0002845353737939149,0.0,0.0,0.0
2005-12-11,0.0,0.0,0.0,0.0
2005-12-16,0.0,0.0,0.0,0.0
2005-12-21,0.0,0.0,0.0,0.0
2005-12-26,0.0,0.0,0.0,0.0
2006-01-01,0.0,0.0,0.0,0.0
2006-01-06,0.0,0.0,0.0,0.0
2006-01-11,0.0,0.0,0.0,0.0
2006-01-16,0.0,0.0,0.0,0.0
2006-01-21,0.0,0.0,7.488054913353817e-06,7.569845921973237e-06
2006-01-26,1.2732768617240708e-08,1.904741786518116e-08,7.808259510254625e-05,7.893530919531306e-05
2006-02-01,0.0,0.0,0.0,0.0
2006-02-06,0.0,0.0,0.0,0.0
2006-02-11,0.0,0.0,0.0,0.0
2006-02-16,0.00010044825467048213,0.00015206434181891382,0.00011082008481679287,0.00011138021369364868
2006-02-21,0.008871358819305897,0.013335760682821274,0.005117064437015082,0.005115429291067085
2006-02-26,0.01445779763162136,0.0216818880289793,0.008154957003146371,0.00814910868923307
2006-03-01,0.04006817936897278,0.037097156047821045,0.0038966895836718275,0.0038515823879457455
2006-03-06,0.05680769681930542,0.05865476280450821,0.01290855888191531,0.012851875062593986
2006-03-11,0.06491635739803314,0.06848251074552536,0.018126900514501828,0.01806660146659247
2006-03-16,0.07044082880020142,0.0782209262251854,0.02563711312106252,0.02558116455932365
2006-03-21,0.08485694974660873,0.1075938418507576,0.051493134422146584,0.05146022150685504
2006-03-26,0.14513908326625824,0.20588861405849457,0.1391438948189494,0.13917495816264275
2006-04-01,0.0,0.22416238486766815,0.12384364010797781,0.12383707777856232
2006-04-06,0.011541110463440418,0.26669755578041077,0.17691427688848715,0.1769564311716535
2006-04-11,0.039622075855731964,0.2676718235015869,0.19841684999035455,0.1984857117785613
2006-04-16,0.10452543199062347,0.2550313174724579,0.2203089489893636,0.22041803786882455
2006-04-21,0.27029159665107727,0.29132524132728577,0.293201454705163,0.29342523336091714
2006-04-26,0.4958208203315735,0.3713182210922241,0.42230565417257276,0.42271622885479987
2006-05-01,0.67669278383255,1.9047092199325562,0.3311195672199267,0.33168489345820235
2006-05-06,2.922147035598755,0.7871731519699097,0.8793650651998235,0.8818085828136359
2006-05-11,0.7167693376541138,0.876724898815155,1.5111925574934977,1.51363102266271
2006-05-16,2.0177764892578125,1.0476794242858887,0.825443242402936,0.826551946644772
2006-05-21,11.827937126159668,1.8633443117141724,1.9352253443381147,1.937026111744643
2006-05-26,1.6540228128433228,2.978888750076294,2.5626119138584498,2.5683236756242724
2006-06-01,1.7431395053863525,6.708446979522705,11.34686554816728,11.344061425897106
2006-06-06,16.237323760986328,5.6535725593566895,9.0108081084033,9.01089506821995
2006-06-11,2.2652978897094727,1.7732235193252563,0.8953494039142457,0.8949330570557621
2006-06-16,3.6719071865081787,9.076397895812988,1.7817002077210946,1.7928624119668048
2006-06-21,1.890613079071045,2.922649383544922,3.492026460921596,3.514659625937797
2006-06-26,3.282353639602661,2.920705556869507,6.123606378722235,6.118804467577786
2006-07-01,11.463525772094727,15.996801376342773,5.667448674457888,5.668404664294598
2006-07-06,16.10772132873535,20.761920928955078,15.897015574354745,15.892251003318226
2006-07-11,12.764141082763672,8.23252010345459,13.613264140863524,13.626387004543304
2006-07-16,23.57026481628418,28.596187591552734,26.849885675956926,26.85453718108933
2006-07-21,33.14493942260742,22.083545684814453,29.034159255602766,29.057479592473054
2006-07-26,29.555212020874023,12.893254280090332,23.22650098585438,23.23046143401411
2006-08-01,19.00048065185547,6.576648235321045,28.180192371330634,28.20583670381022
2006-08-06,17.343120574951172,19.179218292236328,37.895597455030185,37.86242507796901
2006-08-11,16.00885581970215,31.000272750854492,19.199083249089956,19.183916108793824
2006-08-16,9.424541473388672,13.363249778747559,20.307524434901286,20.304447965218106
2006-08-21,19.71470069885254,57.473388671875,37.00507638968573,37.026998093396564
2006-08-26,15.339170455932617,32.974002838134766,40.842428323038924,40.881897098814754
2006-09-01,34.61201858520508,1.3349242210388184,36.316662851373806,36.36750870590832
2006-09-06,51.879756927490234,9.357813835144043,23.27861873712544,23.307410734236388
2006-09-11,8.084429740905762,10.039690017700195,7.1950729628637635,7.208108828532172
2006-09-16,6.336245059967041,6.245582580566406,10.299695260355836,10.33036342959515
2006-09-21,18.69157600402832,10.338449478149414,9.295989640502047,9.327216975589923
2006-09-26,30.78652572631836,5.626694202423096,58.903708251835916,58.99160571053053
2006-10-01,1.0222570896148682,0.9716072082519531,1.3362941056782345,1.3431998640645266
2006-10-06,0.6703132390975952,2.170412302017212,0.37403217098295705,0.3744202057107885
2006-10-11,0.8166640996932983,0.184552863240242,0.04278594072856761,0.04286804414691954
2006-10-16,0.151805117726326,0.07032874971628189,0.0,0.0
2006-10-21,0.06387761980295181,0.012353550642728806,0.0,0.0
2006-10-26,0.0,0.0,0.0,0.0
2006-11-01,0.18283870816230774,0.16760055720806122,0.1115004344450467,0.11166373139711198
2006-11-06,0.04143200069665909,0.035502493381500244,0.023043353347704652,0.023076992130423035
2006-11-11,0.0,0.0,0.0,0.0
2006-11-16,0.0,0.0,0.0,0.0
2006-11-21,0.0,0.0,0.0,0.0
2006-11-26,0.0,0.0,0.0,0.0
2006-12-01,0.00145512365270406,6.386174700168112e-09,4.158031072326708e-09,4.164142130922195e-09
2006-12-06,0.00028453540289774537,0.0,0.0,0.0
2006-12-11,0.0,0.0,0.0,0.0
2006-12-16,0.0,0.0,0.0,0.0
2006-12-21,0.0,0.0,0.0,0.0
2006-12-26,0.0,0.0,0.0,0.0
2007-01-01,0.0,0.0,0.0,0.0
2007-01-06,0.0,0.0,0.0,0.0
2007-01-11,0.0,0.0,0.0,0.0
2007-01-16,0.0,0.0,0.0,0.0
2007-01-21,0.0,0.0,7.485172355089275e-06,7.566931866550893e-06
2007-01-26,1.2732770393597548e-08,1.9047437405106393e-08,7.812512632701667e-05,7.897830508846408e-05
2007-02-01,0.0,0.0,0.0,0.0
2007-02-06,0.0,0.0,0.0,0.0
2007-02-11,0.0,0.0,0.0,0.0
2007-02-16,0.00010040032066171989,0.000151471424032934,0.0001105632857519499,0.00011112208321056712
2007-02-21,0.00886956974864006,0.013283749110996723,0.01659514469781234,0.016602381626456192
2007-02-26,0.014464285224676132,0.02173447608947754,0.008154277064189098,0.008148429999809899
2007-03-01,0.04001978039741516,0.03687923029065132,0.0040486752330580605,0.004001840554076009
2007-03-06,0.05673908069729805,0.05832790955901146,0.013375567738197794,0.013316900647126942
2007-03-11,0.06483791768550873,0.06810078769922256,0.01878276152179735,0.01872036967208021
2007-03-16,0.07035578042268753,0.07656265050172806,0.026564827303979282,0.02650697165477281
2007-03-21,0.08475441485643387,0.10699425637722015,0.053356748419694996,0.05332285601884919
2007-03-26,0.14496375620365143,0.20907308161258698,0.1441800048454886,0.14421272578011973
2007-04-01,0.0,0.20613093674182892,0.12403599108146025,0.12403303404963377
2007-04-06,0.011971885338425636,0.24524496495723724,0.20374431843883348,0.20380478455132026
2007-04-11,0.04110090062022209,0.44988271594047546,0.19872696858046365,0.1988015401801188
2007-04-16,0.10842694342136383,0.7387829422950745,0.22065438727897527,0.22076979395215882
2007-04-21,0.2798454463481903,0.2621486783027649,0.29135627754192167,0.29158750625581137
2007-04-26,0.48348864912986755,1.787166953086853,0.8721247133678176,0.8733543605768896
2007-05-01,2.3064253330230713,1.4518624544143677,0.46303048801146757,0.4638988582775102
2007-05-06,2.8896446228027344,6.9936203956604,2.3454043485919103,2.347924653098827
2007-05-11,1.9431157112121582,3.003105878829956,1.8441266861320542,1.8428166312902838
2007-05-16,1.5779011249542236,0.7661597728729248,1.2156775842113623,1.2165503513455365
2007-05-21,0.8125005960464478,0.682810366153717,0.8567244437114034,0.8576197815347819
2007-05-26,2.2580223083496094,3.9204249382019043,0.8525710768564534,0.8529357355237125
2007-06-01,4.241207122802734,1.5808359384536743,5.521007118723971,5.519677245599624
2007-06-06,7.395033359527588,9.048835754394531,3.095033232545787,3.093008342134288
2007-06-11,2.0072710514068604,1.3697152137756348,0.4708294268612442,0.47049548957562254
2007-06-16,4.3758649826049805,9.12907886505127,3.0280291248766567,3.0263332795449416
2007-06-21,3.6966238021850586,10.250046730041504,5.358883712076971,5.368426613795973
2007-06-26,19.656734466552734,10.265097618103027,15.144099037553218,15.13975760666326
2007-07-01,4.97842264175415,5.891320705413818,3.4548789666107877,3.4500081593625636
2007-07-06,30.262969970703125,7.347929954528809,10.842989600617955,10.838704239569172
2007-07-11,5.319769382476807,38.238582611083984,13.429266858907209,13.459316865786803
2007-07-16,31.09661293029785,15.370844841003418,17.09704716166894,17.159249030576888
2007-07-21,11.43884563446045,44.42665481567383,8.008338560021114,8.011520848161334
2007-07-26,30.396427154541016,39.34593200683594,54.12749358182609,54.1169240348226
2007-08-01,33.4129638671875,69.59938049316406,38.64162968102533,38.65230838852338
2007-08-06,13.338749885559082,6.799067974090576,36.025326841027976,36.05213441264046
2007-08-11,34.33732604980469,32.49894332885742,24.511492928095645,24.54388351663948
2007-08-16,16.42665672302246,28.884004592895508,23.46868787044476,23.470252497834206
2007-08-21,33.738677978515625,36.06299591064453,30.278667339188658,30.306808078219664
2007-08-26,24.791521072387695,35.86482238769531,30.546960474661063,30.566175910960684
2007-09-01,29.71470832824707,19.38267707824707,58.53989677179134,58.59316827716826
2007-09-06,9.223620414733887,14.49912166595459,11.344555734805025,11.35625928288734
2007-09-11,7.8656182289123535,5.160620212554932,18.987538444313394,19.011959915710484
2007-09-16,1.5957351922988892,2.2199811935424805,5.075725519167934,5.10679218341416
2007-09-21,0.8827945590019226,0.9013415575027466,2.860942095914786,2.857818914095541
2007-09-26,1.0162051916122437,1.051944375038147,1.5004218768773037,1.5023198498326886
2007-10-01,0.729977011680603,0.6793715953826904,0.7050238959958722,0.7057686953192699
2007-10-06,0.44579145312309265,0.38869911432266235,0.36627564913603,0.3666970830530744
2007-10-11,0.19261780381202698,0.1436898410320282,0.03757405167013758,0.037650224389247935
2007-10-16,0.09349316358566284,0.04999050498008728,0.0,0.0
2007-10-21,0.0403553806245327,0.008828239515423775,0.0,0.0
2007-10-26,0.0,0.0,0.0,0.0
2007-11-01,0.18489861488342285,0.17083874344825745,0.11230976858583011,0.11247440384489021
2007-11-06,0.03937196359038353,0.03454148396849632,0.022234088028996568,0.02226638966100547
2007-11-11,0.0,0.0,0.0,0.0
2007-11-16,0.0,0.0,0.0,0.0
2007-11-21,0.0,0.0,0.0,0.0
2007-11-26,0.0,0.0,0.0,0.0
2007-12-01,0.0014552236534655094,6.386170703365224e-09,4.158028667859952e-09,4.164139699776743e-09
2007-12-06,0.0002844332775566727,0.0,0.0,0.0
2007-12-11,0.0,0.0,0.0,0.0
2007-12-16,0.0,0.0,0.0,0.0
2007-12-21,0.0,0.0,0.0,0.0
2007-12-26,0.0,0.0,0.0,0.0
2008-01-01,0.0,0.0,0.0,0.0
2008-01-06,0.0,0.0,0.0,0.0
2008-01-11,0.0,0.0,0.0,0.0
2008-01-16,0.0,0.0,0.0,0.0
2008-01-21,0.0,0.0,7.486074709151822e-06,7.567844096427883e-06
2008-01-26,1.2732773058132807e-08,1.904745161596111e-08,7.806198538206397e-05,7.891447449612823e-05
2008-02-01,0.0,0.0,0.0,0.0
2008-02-06,0.0,0.0,0.0,0.0
2008-02-11,0.0,0.0,0.0,0.0
2008-02-16,0.00010044701775768772,0.00015206450188998133,0.0001108200876574345,0.00011138021624288775
2008-02-21,0.008871241472661495,0.013335751369595528,0.005117061495537931,0.005115426316952851
2008-02-26,0.01445761602371931,0.02168188989162445,0.008154956435425936,0.008149108084213087
2008-03-01,0.040068186819553375,0.03717900067567825,0.0038967172163558357,0.003851610099891237
2008-03-06,0.05680770426988602,0.058784160763025284,0.012908648422785992,0.012851965162957564
2008-03-11,0.06491632759571075,0.06863895803689957,0.018127037074372396,0.018066738921651664
2008-03-16,0.07044082134962082,0.07716160267591476,0.02563728943115345,0.025581342081649177
2008-03-21,0.08485695719718933,0.10783126950263977,0.051493497216662,0.05146058721073344
2008-03-26,0.14513921737670898,0.20634278655052185,0.13914313996321054,0.13917419972614933
2008-04-01,0.0,0.22814711928367615,0.1314964062786921,0.13149212548668598
2008-04-06,0.011446134187281132,0.27143844962120056,0.17144242454068312,0.17148386312054337
2008-04-11,0.03929596766829491,0.2724296748638153,0.19228001331676028,0.19234739714854723
2008-04-16,0.10366516560316086,0.7793614864349365,0.213495174313485,0.21360160597470984
2008-04-21,0.2676306664943695,0.5338575839996338,0.284133335010484,0.2843511233623538
2008-04-26,0.4976080358028412,0.46962735056877136,0.409244777529952,0.4096439710823942
2008-05-01,1.2222048044204712,1.116117238998413,0.6123140817580575,0.61326046562402
2008-05-06,2.1458497047424316,1.0157030820846558,0.6491153113059686,0.6500633083018336
2008-05-11,7.564033508300781,1.2659876346588135,1.6082938672780598,1.6105089984018717
2008-05-16,9.83915901184082,1.8265706300735474,8.070305988522637,8.084232230282272
2008-05-21,1.4579097032546997,3.284215211868286,2.3618038909769448,2.3652871797276958
2008-05-26,5.64091157913208,2.7554171085357666,3.2052013155688135,3.2057019002737306
2008-06-01,2.5767672061920166,4.1318888664245605,1.994836785066849,1.9942717026182781
2008-06-06,2.9914140701293945,9.670665740966797,7.404225824916974,7.412192359146102
2008-06-11,37.53216552734375,6.2952775955200195,12.357115114490533,12.357682697499339
2008-06-16,10.138569831848145,12.157045364379883,2.4716541793775013,2.4742235664799512
2008-06-21,11.710643768310547,23.046323776245117,12.953009879901938,12.957540508311052
2008-06-26,23.853914260864258,14.461723327636719,27.646929199001292,27.650015923965395
2008-07-01,13.290385246276855,12.444616317749023,9.317403845698024,9.320220495834631
2008-07-06,21.482229232788086,17.7275333404541,16.287322840273387,16.285975330739532
2008-07-11,15.917489051818848,6.409399509429932,13.98068112807241,14.004078446390077
2008-07-16,10.699204444885254,16.721172332763672,29.914951351637125,29.93676964315792
2008-07-21,9.104376792907715,13.653358459472656,12.130211728695235,12.149836268583773
2008-07-26,12.221428871154785,31.215206146240234,8.288607260480354,8.286914718991447
2008-08-01,18.429113388061523,32.7373161315918,13.378388242812603,13.3897309940714
2008-08-06,6.3087639808654785,17.04244041442871,11.878552523044352,11.88281658099104
2008-08-11,5.999900817871094,12.160115242004395,21.47709771732635,21.50544220606278
2008-08-16,35.89129638671875,54.911476135253906,41.75066474884301,41.77607256055201
2008-08-21,21.040021896362305,21.34432029724121,29.1512265396127,29.164268354107886
2008-08-26,28.838943481445312,63.35280990600586,26.699448198641992,26.6978000776063
2008-09-01,5.386350154876709,2.361351728439331,3.878468011665531,3.8846263603583933
2008-09-06,10.760072708129883,1.9003121852874756,10.552847121928973,10.568724110997406
2008-09-11,44.19906997680664,19.942800521850586,16.440904637505447,16.45967216438601
2008-09-16,15.01852035522461,1.4134849309921265,7.9674822229907445,7.965268046734814
2008-09-21,1.0761349201202393,3.604747772216797,2.428572023857147,2.4207522766908642
2008-09-26,1.8676462173461914,1.505995512008667,9.240954583959452,9.252646654530015
2008-10-01,1.515613079071045,1.0266127586364746,2.2662517708733896,2.2686465818708936
2008-10-06,1.7894231081008911,2.2340705394744873,1.3773741657754033,1.3789284459779225
2008-10-11,0.27535587549209595,2.1535372734069824,0.04877305915778238,0.04887210040281357
2008-10-16,0.13316074013710022,0.06739343702793121,0.0,0.0
2008-10-21,0.057833027094602585,0.011762901209294796,0.0,0.0
2008-10-26,0.0,0.0,0.0,0.0
2008-11-01,0.1828385591506958,0.16760064661502838,0.11150059653328295,0.11166389520112652
2008-11-06,0.04143192619085312,0.035502564162015915,0.0230433621155272,0.023077000954194862
2008-11-11,0.0,0.0,0.0,0.0
2008-11-16,0.0,0.0,0.0,0.0
2008-11-21,0.0,0.0,0.0,0.0
2008-11-26,0.0,0.0,0.0,0.0
2008-12-01,0.0014551228377968073,6.3861742560789025e-09,4.158030444216794e-09,4.164141476133585e-09
2008-12-06,0.00028453522827476263,0.0,0.0,0.0
2008-12-11,0.0,0.0,0.0,0.0
2008-12-16,0.0,0.0,0.0,0.0
2008-12-21,0.0,0.0,0.0,0.0
2008-12-26,0.0,0.0,0.0,0.0
2009-01-01,0.0,0.0,0.0,0.0
2009-01-06,0.0,0.0,0.0,0.0
2009-01-11,0.0,0.0,0.0,0.0
2009-01-16,0.0,0.0,0.0,0.0
2009-01-21,0.0,0.0,7.488059841862822e-06,7.569850904693357e-06
2009-01-26,1.2732767729062289e-08,1.9047432076035875e-08,7.808262141012011e-05,7.893533578973628e-05
2009-02-01,0.0,0.0,0.0,0.0
2009-02-06,0.0,0.0,0.0,0.0
2009-02-11,0.0,0.0,0.0,0.0
2009-02-16,0.00010044826922239736,0.00015206450188998133,0.00011082030858970469,0.0001113804391421254
2009-02-21,0.008871352300047874,0.01333575788885355,0.005117071705794612,0.005115436578496378
2009-02-26,0.014457800425589085,0.0216818954795599,0.008154965680068406,0.008149117431429246
2009-03-01,0.04006817191839218,0.037067364901304245,0.003896687454312279,0.0038515802142929994
2009-03-06,0.056807685643434525,0.05860760435461998,0.012908552817159946,0.012851868951214217
2009-03-11,0.06491629779338837,0.0684274435043335,0.018126892473883535,0.01806659329542582
2009-03-16,0.0704408511519432,0.07693291455507278,0.025637088906675577,0.025581140344936734
2009-03-21,0.08485692739486694,0.10750745981931686,0.051493111981135785,0.05146019869284893
2009-03-26,0.14513905346393585,0.20739513635635376,0.13914376216290714,0.13917482535740236
2009-04-01,0.0,0.2802571654319763,0.12496508879868931,0.12495541322703212
2009-04-06,0.01100268866866827,0.3334736227989197,0.17851523023397453,0.17855350312845972
2009-04-11,0.038743939250707626,0.3451821506023407,0.3803897746873425,0.38052042866078645
2009-04-16,0.09964901208877563,0.3278729021549225,0.222277413085596,0.22238216164300764
2009-04-21,0.25693944096565247,0.3771679401397705,0.6169711440371933,0.6174303256713973
2009-04-26,0.5145502090454102,0.843522310256958,0.562951733458888,0.5635260948359576
2009-05-01,0.5429399013519287,0.46432626247406006,1.60463803398742,1.6073746948428052
2009-05-06,8.72675895690918,2.50832462310791,4.441984596381389,4.448871325444672
2009-05-11,1.055415153503418,0.5233567357063293,1.114824686140337,1.1089961619381548
2009-05-16,0.7042606472969055,1.7841403484344482,0.819729212548142,0.8208014778385899
2009-05-21,2.255375623703003,3.133086681365967,0.8448518405074843,0.845590594920493
2009-05-26,0.7725216746330261,4.414859771728516,1.0769261120744003,1.077196627334694
2009-06-01,5.165148735046387,1.6253682374954224,0.611010751661831,0.6109008117563836
2009-06-06,4.70501708984375,4.3339643478393555,6.655709808798343,6.663017541491354
2009-06-11,2.671086549758911,14.489615440368652,1.0324315641112911,1.032121688003937
2009-06-16,23.021291732788086,12.553606033325195,13.218058424420713,13.217447681384328
2009-06-21,2.815143346786499,2.90002703666687,0.866875456025153,0.8668837669563515
2009-06-26,11.858948707580566,6.104709148406982,16.595989109171782,16.603582380777382
2009-07-01,12.200166702270508,5.12403678894043,13.978648920713741,13.979190731838823
2009-07-06,25.576454162597656,12.566624641418457,30.79570153512464,30.803251598959243
2009-07-11,13.63853645324707,15.813545227050781,19.491002675605323,19.51665109491937
2009-07-16,2.7373123168945312,9.252321243286133,9.336438694772859,9.35046243809039
2009-07-21,2.045275926589966,4.040618896484375,6.354400838558517,6.358062293717387
2009-07-26,30.92193603515625,36.94536209106445,24.703982464450274,24.709717801903743
2009-08-01,11.750056266784668,24.655479431152344,6.954100207880325,6.958658298289307
2009-08-06,6.35660457611084,26.937429428100586,8.256930699327425,8.266442391190203
2009-08-11,8.062995910644531,14.295317649841309,4.972787785149385,4.972414909247342
2009-08-16,17.83242416381836,51.29052734375,10.22975609840842,10.232154650100792
2009-08-21,4.789128303527832,23.27691078186035,4.079719156868643,4.081267814093016
2009-08-26,14.461295127868652,25.23654556274414,10.983256815871336,10.980092908937564
2009-09-01,32.099098205566406,16.789432525634766,27.618329103721727,27.65173441125039
2009-09-06,11.1254243850708,6.235739707946777,23.21529242209076,23.241558660012096
2009-09-11,6.775641918182373,5.493790626525879,13.06442064281223,13.081260415602257
2009-09-16,13.151969909667969,5.5474934577941895,12.920509021930037,12.94299651349804
2009-09-21,5.237839221954346,0.6241550445556641,1.5417986396050611,1.5439881193972063
2009-09-26,8.384671211242676,4.373310565948486,9.833548405087383,9.846554087382515
2009-10-01,1.054742455482483,2.1160759925842285,0.9562082399127945,0.9572805105743744
2009-10-06,0.6298651695251465,0.7743210792541504,0.5032001749286643,0.5038089288559252
2009-10-11,0.4005123972892761,0.7696652412414551,0.12790025585083659,0.12851100037920343
2009-10-16,0.4961320757865906,0.1176028773188591,0.0,0.0
2009-10-21,0.2865964472293854,0.14974141120910645,0.0,0.0
2009-10-26,0.0,0.0,0.0,0.0
2009-11-01,0.18283328413963318,0.16765113174915314,0.11150053401982127,0.11166383298606089
2009-11-06,0.04143724963068962,0.03545188903808594,0.023043373699634735,0.023077012687500505
2009-11-11,0.0,0.0,0.0,0.0
2009-11-16,0.0,0.0,0.0,0.0
2009-11-21,0.0,0.0,0.0,0.0
2009-11-26,0.0,0.0,0.0,0.0
2009-12-01,0.0014551215572282672,6.3861742560789025e-09,4.158027064882119e-09,4.1641380790131055e-09
2009-12-06,0.0002845352573785931,0.0,0.0,0.0
2009-12-11,0.0,0.0,0.0,0.0
2009-12-16,0.0,0.0,0.0,0.0
2009-12-21,0.0,0.0,0.0,0.0
2009-12-26,0.0,0.0,0.0,0.0
2010-01-01,0.0,0.0,0.0,0.0
2010-01-06,0.0,0.0,0.0,0.0
2010-01-11,0.0,0.0,0.0,0.0
2010-01-16,0.0,0.0,0.0,0.0
2010-01-21,0.0,0.0,7.488060652878242e-06,7.5698517258111216e-06
2010-01-26,1.2732768617240708e-08,1.9047428523322196e-08,7.808262790933975e-05,7.893534236863637e-05
2010-02-01,0.0,0.0,0.0,0.0
2010-02-06,0.0,0.0,0.0,0.0
2010-02-11,0.0,0.0,0.0,0.0
2010-02-16,0.00010044778173323721,0.00015207139949779958,0.00011080864366228016,0.0001113686840620375
2010-02-21,0.008871102705597878,0.013336370699107647,0.005116546734327571,0.0051149091405981815
2010-02-26,0.014457739889621735,0.021682895720005035,0.008154131821394359,0.008148279880102131
2010-03-01,0.04010317102074623,0.037062741816043854,0.0040432039706655536,0.003996441969810016
2010-03-06,0.05686130002140999,0.05860033258795738,0.01339439433948972,0.013335677863846356
2010-03-11,0.06496141850948334,0.06841900944709778,0.01880923462218784,0.018746798703080648
2010-03-16,0.07049314677715302,0.07815436273813248,0.026602286108089283,0.026544406661785244
2010-03-21,0.08476018160581589,0.10749409347772598,0.05343217067994713,0.053398334452187605
2010-03-26,0.14445436000823975,0.20620743930339813,0.14408876111604402,0.14412137850719095
2010-04-01,0.0,0.4694499373435974,0.11929749784154933,0.11929299369998127
2010-04-06,0.011402512900531292,0.2924840450286865,0.15931050264506383,0.15934822440175195
2010-04-11,0.03914102539420128,0.2951623499393463,0.19159464296645304,0.19166376853690822
2010-04-16,0.1032942682504654,0.2891693115234375,0.2121059401397781,0.21221356553503493
2010-04-21,0.241749569773674,1.9143974781036377,0.4760442929931425,0.4766223774597047
2010-04-26,0.4686020314693451,1.8700820207595825,0.40402500550465686,0.40441651774190185
2010-05-01,4.706127166748047,1.504817008972168,2.3096083744840623,2.3136999737453032
2010-05-06,2.8504695892333984,0.5121956467628479,4.140474487293538,4.14190412501263
2010-05-11,0.6888245940208435,0.5454491376876831,0.3903542450889412,0.39097854217630257
2010-05-16,1.6329762935638428,1.6634819507598877,0.5077981685591763,0.5085163372145568
2010-05-21,1.1158056259155273,0.5248576402664185,0.40538086512838706,0.4057924630112133
2010-05-26,9.17639446258545,3.829214334487915,1.192933076135772,1.1933883583283234
2010-06-01,16.01819610595703,10.090115547180176,12.634390478185065,12.644949426155257
2010-06-06,11.541735649108887,16.551921844482422,11.231115062658189,11.23175265657901
2010-06-11,9.360795021057129,5.976692199707031,6.775326184013247,6.771542964103992
2010-06-16,3.0553205013275146,14.938742637634277,3.2599809817173964,3.260449561638583
2010-06-21,6.592766284942627,5.362193584442139,9.14923621071583,9.15142268625495
2010-06-26,29.498384475708008,20.151390075683594,33.339890501783415,33.34197303040656
2010-07-01,8.452962875366211,11.15443229675293,22.703770104161723,22.70646237320997
2010-07-06,22.812177658081055,22.6085147857666,14.703868765156484,14.700469340063337
2010-07-11,15.098557472229004,23.370262145996094,15.974369204049365,15.977646921684217
2010-07-16,21.581558227539062,22.706764221191406,27.7611368156764,27.749800949014972
2010-07-21,21.406320571899414,18.14238166809082,12.947202687745778,12.966295308940364
2010-07-26,18.582239151000977,28.48504066467285,34.47997611218209,34.53822950697336
2010-08-01,23.010276794433594,8.273056983947754,36.58623899263372,36.60883953100849
2010-08-06,41.28071975708008,24.89316749572754,49.7998548890698,49.80213194337475
2010-08-11,12.496173858642578,16.40450668334961,10.61885067958958,10.623610361702616
2010-08-16,14.275802612304688,21.944421768188477,22.13776069766827,22.155960555601926
2010-08-21,10.568974494934082,17.384580612182617,13.720137089711203,13.726742111269226
2010-08-26,31.062292098999023,85.3041763305664,56.609164632257794,56.62944155697037
2010-09-01,25.296497344970703,12.544907569885254,33.12941722735546,33.189093050613465
2010-09-06,19.91731071472168,3.303142547607422,29.523212011937716,29.559906743781212
2010-09-11,12.088366508483887,11.2835111618042,10.739779927676539,10.765634980396987
2010-09-16,7.757777690887451,12.475800514221191,20.699355198598674,20.71247972374855
2010-09-21,2.2654194831848145,0.742902398109436,2.158486892547208,2.1611366186512275
2010-09-26,2.496474504470825,0.701816737651825,0.6987893312683027,0.6996595662122523
2010-10-01,18.60280990600586,4.470883369445801,13.046540075105321,13.066865583494996
2010-10-06,0.6038217544555664,3.187706708908081,0.6058975260816714,0.6095405018617533
2010-10-11,0.9536246061325073,0.8844216465950012,0.11183665505557465,0.11215489602924164
2010-10-16,0.2906934916973114,0.07631102949380875,0.0,0.0
2010-10-21,0.23874880373477936,0.012693985365331173,0.0,0.0
2010-10-26,0.0,0.0,0.0,0.0
2010-11-01,0.18283335864543915,0.1676006317138672,0.11157195142332531,0.11173534632394616
2010-11-06,0.04143722727894783,0.03550254926085472,0.023058143481824226,0.023091802443586214
2010-11-11,0.0,0.0,0.0,0.0
2010-11-16,0.0,0.0,0.0,0.0
2010-11-21,0.0,0.0,0.0,0.0
2010-11-26,0.0,0.0,0.0,0.0
2010-12-01,0.0014551220228895545,6.386176476524952e-09,4.156949334722526e-09,4.163058154530435e-09
2010-12-06,0.000284535635728389,0.0,0.0,0.0
2010-12-11,0.0,0.0,0.0,0.0
2010-12-16,0.0,0.0,0.0,0.0
2010-12-21,0.0,0.0,0.0,0.0
2010-12-26,0.0,0.0,0.0,0.0
2011-01-01,0.0,0.0,0.0,0.0
2011-01-06,0.0,0.0,0.0,0.0
2011-01-11,0.0,0.0,0.0,0.0
2011-01-16,0.0,0.0,0.0,0.0
2011-01-21,0.0,0.0,7.488065589709451e-06,7.5698567159997165e-06
2011-01-26,1.2732767729062289e-08,1.9047435628749554e-08,7.80826148776116e-05,7.893532918096232e-05
2011-02-01,0.0,0.0,0.0,0.0
2011-02-06,0.0,0.0,0.0,0.0
2011-02-11,0.0,0.0,0.0,0.0
2011-02-16,0.00010044941154774278,0.00015206450188998133,0.00011080879450126229,0.00011136883584807799
2011-02-21,0.008871454745531082,0.01333576813340187,0.005116548471780554,0.005114910938662889
2011-02-26,0.014455676078796387,0.021681897342205048,0.008154139203391675,0.008148287364673157
2011-03-01,0.04005046561360359,0.03752356022596359,0.004037758346489005,0.003991042771887313
2011-03-06,0.05678270012140274,0.05880739167332649,0.013376168461360445,0.013317491336717086
2011-03-11,0.06488770246505737,0.06866069883108139,0.018783589861059394,0.018721185646549347
2011-03-16,0.07040980458259583,0.07719514518976212,0.02656596371994729,0.02650809257278777
2011-03-21,0.08481943607330322,0.10787380486726761,0.053359037759634555,0.05332512107679736
2011-03-26,0.14507505297660828,0.20786882936954498,0.14418628464399894,0.14421895141971816
2011-04-01,0.0,0.2167646288871765,0.12397603064346777,0.12395718580392004
2011-04-06,0.01151731051504612,0.26244834065437317,0.17709884760597772,0.17712391915380585
2011-04-11,0.03954033553600311,0.2600645422935486,0.19862192802543222,0.1986718219602542
2011-04-16,0.10430978238582611,0.2571006417274475,0.2205341341708547,0.22062246004534095
2011-04-21,0.26855531334877014,0.26192405819892883,0.277274263666333,0.27745593473792796
2011-04-26,0.4947984218597412,0.4320465326309204,0.45074947920012803,0.4482466299762141
2011-05-01,0.8121876120567322,0.790234386920929,0.48877415911715927,0.4896866932156328
2011-05-06,1.565132737159729,0.4855489730834961,0.9739103067828898,0.9763539837402785
2011-05-11,1.6370620727539062,0.9737223982810974,2.907209287614223,2.914106758941019
2011-05-16,0.6468660235404968,0.47883349657058716,0.4827883612920027,0.48353428914986135
2011-05-21,2.49725604057312,0.6678038835525513,1.7082311211222554,1.711133498102366
2011-05-26,3.8096981048583984,1.0629295110702515,6.30267582547664,6.301561910043428
2011-06-01,4.482938766479492,3.9154186248779297,0.7424466504057036,0.7420750767047092
2011-06-06,7.824930667877197,1.0996004343032837,6.978570020026947,6.982562504003602
2011-06-11,8.572184562683105,5.726500988006592,7.229896408015194,7.226104928498888
2011-06-16,22.056135177612305,4.58989143371582,18.286299667597493,18.29596176547235
2011-06-21,18.29350471496582,6.200343608856201,17.75355473691078,17.773864728697603
2011-06-26,10.186826705932617,2.9445362091064453,8.93769320559428,8.937659298236333
2011-07-01,5.143895149230957,8.71750259399414,10.133958422947838,10.144941179472108
2011-07-06,6.640618801116943,25.37899398803711,22.39965180316417,22.423401353140605
2011-07-11,9.105854034423828,3.7659802436828613,9.600420247605264,9.604362620116266
2011-07-16,0.7094035148620605,3.5612874031066895,11.457566497510339,11.45872665242002
2011-07-21,15.207904815673828,27.650264739990234,17.215283696930733,17.235167741259474
2011-07-26,19.031513214111328,12.448209762573242,32.03270859262432,32.0197399592024
2011-08-01,13.530902862548828,18.84916877746582,13.418605000106842,13.39569880852787
2011-08-06,15.795051574707031,21.576356887817383,16.363854050200676,16.391000752684743
2011-08-11,13.909104347229004,31.667587280273438,25.340215619405082,25.349126083489786
2011-08-16,42.38645935058594,45.61455535888672,47.46790130188931,47.4612454527147
2011-08-21,9.157149314880371,17.58940887451172,11.886753836145509,11.890697917869991
2011-08-26,7.456223487854004,10.78177547454834,14.916828971823339,14.922856947632
2011-09-01,2.1353955268859863,16.77007293701172,5.767780889316957,5.76550703859368
2011-09-06,10.599353790283203,12.296488761901855,11.721887925397043,11.75094304589741
2011-09-11,18.09724235534668,13.59077262878418,21.98475283231433,22.016281824484405
2011-09-16,13.75331974029541,7.002685546875,7.453514912827927,7.464127548243937
2011-09-21,0.9939213991165161,1.392914891242981,6.497225044358336,6.510831811201373
2011-09-26,3.746631383895874,10.354785919189453,3.7825189151629393,3.7995226172811805
2011-10-01,0.5680088996887207,0.7044407725334167,2.6909813157142337,2.691746386882452
2011-10-06,3.3749918937683105,0.4497816860675812,3.107188689941831,3.1117277856417562
2011-10-11,0.15999293327331543,0.13460898399353027,0.0397169573738486,0.03979088040934461
2011-10-16,0.1803492307662964,0.048174310475587845,0.0,0.0
2011-10-21,0.03356292471289635,0.008530370891094208,0.0,0.0
2011-10-26,0.0,0.0,0.0,0.0
2011-11-01,0.18283864855766296,0.16760048270225525,0.11157190036659372,0.11173529362603521
2011-11-06,0.041431963443756104,0.03550250455737114,0.02305811731552315,0.023091775904289846
2011-11-11,0.0,0.0,0.0,0.0
2011-11-16,0.0,0.0,0.0,0.0
2011-11-21,0.0,0.0,0.0,0.0
2011-11-26,0.0,0.0,0.0,0.0
2011-12-01,0.001455123070627451,6.386176032435742e-09,4.156949378067276e-09,4.163058193428736e-09
2011-12-06,0.00028453514096327126,0.0,0.0,0.0
2011-12-11,0.0,0.0,0.0,0.0
2011-12-16,0.0,0.0,0.0,0.0
2011-12-21,0.0,0.0,0.0,0.0
2011-12-26,0.0,0.0,0.0,0.0
2012-01-01,0.0,0.0,0.0,0.0
2012-01-06,0.0,0.0,0.0,0.0
2012-01-11,0.0,0.0,0.0,0.0
2012-01-16,0.0,0.0,0.0,0.0
2012-01-21,0.0,0.0,7.488055745174732e-06,7.569846761762182e-06
2012-01-26,1.273276417634861e-08,1.904745161596111e-08,7.808259506925748e-05,7.893530916543916e-05
2012-02-01,0.0,0.0,0.0,0.0
2012-02-06,0.0,0.0,0.0,0.0
2012-02-11,0.0,0.0,0.0,0.0
2012-02-16,0.00010044820373877883,0.00015517094288952649,0.00011080905589992961,0.00011136909804810234
2012-02-21,0.008871362544596195,0.013671860098838806,0.005116563214273689,0.005114925601894538
2012-02-26,0.01445779949426651,0.02211969904601574,0.008154159215668415,0.008148307330325469
2012-03-01,0.04009932279586792,0.037189781665802,0.004038727194623341,0.0039919996258928
2012-03-06,0.05685187876224518,0.05880121514201164,0.013379363124167144,0.013320670212499384
2012-03-11,0.06496679037809372,0.06865350157022476,0.018788107303466917,0.0187256858379261
2012-03-16,0.0704955905675888,0.07718393206596375,0.026572316639665583,0.026514428353373854
2012-03-21,0.0849229171872139,0.10786250978708267,0.053371798666382836,0.05333786766052761
2012-03-26,0.14525189995765686,0.20624668896198273,0.14422066820686777,0.14425332513551203
2012-04-01,0.0,2.645618438720703,0.13161055305315753,0.13160042339707015
2012-04-06,0.011348485015332699,0.3082987368106842,0.18800851727414852,0.18804891385444877
2012-04-11,0.03896074369549751,0.8467445969581604,0.41906516857208814,0.41956155842310416
2012-04-16,0.1027807742357254,0.3075541853904724,0.2152311688133487,0.21533007417620653
2012-04-21,0.26579469442367554,0.8455802798271179,0.31158449724506326,0.31181533028558084
2012-04-26,0.7898803353309631,0.864910364151001,0.5614512289870405,0.5619778260830276
2012-05-01,0.5916821956634521,0.5911118388175964,1.4373174285309447,1.4406337383442105
2012-05-06,3.91601824760437,0.6574286222457886,1.6611170108649964,1.6665729730779453
2012-05-11,5.955700874328613,3.5102479457855225,1.2102365032585247,1.2122075236057304
2012-05-16,1.9854004383087158,2.823488235473633,1.34460290593673,1.3428502041914587
2012-05-21,2.1101620197296143,0.9263683557510376,0.5015755090265102,0.5020691852624074
2012-05-26,9.645709037780762,2.418708324432373,11.555027256105312,11.569898635628348
2012-06-01,0.5423435568809509,7.558159351348877,2.7924634688062064,2.788957869567749
2012-06-06,1.8567006587982178,5.06670618057251,4.555696547960458,4.547386375883373
2012-06-11,18.248849868774414,9.611679077148438,19.418858071109394,19.432095939075072
2012-06-16,7.841370105743408,5.786032676696777,12.05030343365971,12.046919066832816
2012-06-21,7.130790710449219,9.00886058807373,14.351220531092716,14.339914637733624
2012-06-26,8.344168663024902,2.857154369354248,25.1535353554493,25.14780641561057
2012-07-01,6.735897064208984,61.92135238647461,21.42050425718914,21.43920265163615
2012-07-06,7.730114459991455,22.861494064331055,8.99735480078885,9.020293524716065
2012-07-11,21.918811798095703,7.6282453536987305,22.40650292367969,22.403201983658338
2012-07-16,19.284194946289062,8.979516983032227,44.30212426096379,44.33217834512914
2012-07-21,20.105337142944336,25.028669357299805,21.506965973346997,21.52020874933349
2012-07-26,18.104448318481445,28.834169387817383,11.826044083323804,11.82384728566306
2012-08-01,4.937952995300293,46.029788970947266,1.6331640883188843,1.6339055217330534
2012-08-06,32.6919059753418,59.9826774597168,22.387103531166474,22.388158984814563
2012-08-11,50.008880615234375,51.004337310791016,50.80763871361033,50.83503704287476
2012-08-16,6.648279190063477,21.705541610717773,19.02701267684873,19.042947129865404
2012-08-21,27.869966506958008,41.74378967285156,28.29388624688091,28.279252858625064
2012-08-26,15.469621658325195,18.195104598999023,28.75903301748454,28.766903745046218
2012-09-01,32.02814865112305,28.586217880249023,17.409594188537934,17.428464182289357
2012-09-06,7.881430625915527,2.751516819000244,7.350824952750203,7.353500425672672
2012-09-11,12.775668144226074,11.52243709564209,4.586206643836369,4.591796741112932
2012-09-16,51.85580062866211,31.251144409179688,27.672403130529084,27.688181940083478
2012-09-21,15.545768737792969,3.120784044265747,11.317874505501772,11.324575195271356
2012-09-26,2.714890241622925,2.0316779613494873,0.5974451426140659,0.5981801587193751
2012-10-01,3.102778434753418,6.590561866760254,3.1156371190297514,3.1215491452333146
2012-10-06,10.312633514404297,0.8468308448791504,4.779111524638133,4.78370653978752
2012-10-11,0.7005612254142761,0.20188190042972565,0.05223464825197681,0.05235668200655334
2012-10-16,0.08300557732582092,0.06273668259382248,0.0,0.0
2012-10-21,0.03925684094429016,0.012959559448063374,0.0,0.0
2012-10-26,0.0,0.0,0.0,0.0
2012-11-01,0.18253792822360992,0.1676006317138672,0.11157253038699924,0.11173592551141703
2012-11-06,0.041363801807165146,0.035502538084983826,0.023058243292823535,0.023091902142686936
2012-11-11,0.0,0.0,0.0,0.0
2012-11-16,0.0,0.0,0.0,0.0
2012-11-21,0.0,0.0,0.0,0.0
2012-11-26,0.0,0.0,0.0,0.0
2012-12-01,0.001455202465876937,6.386172923811273e-09,4.156948825616186e-09,4.163057652093773e-09
2012-12-06,0.0002845507697202265,0.0,0.0,0.0
2012-12-11,0.0,0.0,0.0,0.0
2012-12-16,0.0,0.0,0.0,0.0
2012-12-21,0.0,0.0,0.0,0.0
2012-12-26,0.0,0.0,0.0,0.0
2013-01-01,0.0,0.0,0.0,0.0
2013-01-06,0.0,0.0,0.0,0.0
2013-01-11,0.0,0.0,0.0,0.0
2013-01-16,0.0,0.0,0.0,0.0
2013-01-21,0.0,0.0,7.533868387709936e-06,7.616159810483992e-06
2013-01-26,1.2774624025269077e-08,1.9054130717677253e-08,7.903797599444447e-05,7.990112349247179e-05
2013-02-01,0.0,0.0,0.0,0.0
2013-02-06,0.0,0.0,0.0,0.0
2013-02-11,0.0,0.0,0.0,0.0
2013-02-16,0.00010124263644684106,0.00015220511704683304,0.00011129210304597132,0.00011185342339499247
2013-02-21,0.00899540726095438,0.01335171889513731,0.005100680232333945,0.0050989207344285395
2013-02-26,0.014746032655239105,0.021713189780712128,0.008161511329645526,0.008155493563985344
2013-03-01,0.04113522171974182,0.037229958921670914,0.004046406525548792,0.0039994986648966184
2013-03-06,0.05834253504872322,0.058895811438560486,0.013420551046277793,0.013361565482528617
2013-03-11,0.06680945307016373,0.06878969818353653,0.018872014508789045,0.018809317828695212
2013-03-16,0.07250858843326569,0.07747237384319305,0.026599486823260833,0.026541543911813195
2013-03-21,0.08726547658443451,0.10652642697095871,0.05348291645315407,0.05344891935253872
2013-03-26,0.14902523159980774,0.2029128074645996,0.14287500784487164,0.14290743202447367
2013-04-01,0.0,0.2209957242012024,0.129802614368578,0.12979471298617715
2013-04-06,0.01152077503502369,0.26140084862709045,0.18478459419572338,0.1848269012577485
2013-04-11,0.03984714299440384,0.27819040417671204,0.20897378163609853,0.20904662134416008
2013-04-16,0.1739511340856552,2.3627421855926514,0.8645355769982701,0.8649512912567922
2013-04-21,0.3092157542705536,0.3838636577129364,0.6932022748047749,0.6931800836755474
2013-04-26,0.49853578209877014,0.40713945031166077,0.4809149599178547,0.4814172544330431
2013-05-01,1.2541563510894775,0.8821143507957458,0.3951490708665562,0.39586894694504193
2013-05-06,8.313804626464844,0.5112296342849731,2.631282266136804,2.634101520675513
2013-05-11,0.6013628840446472,0.6150586009025574,1.4406807849088414,1.4441946783683115
2013-05-16,0.49403294920921326,0.4801304340362549,0.51022523635184,0.5109886920029822
2013-05-21,0.5509447455406189,0.3952614963054657,0.558102251927993,0.5586179378682223
2013-05-26,3.1137828826904297,10.042437553405762,1.6778537775544413,1.6810114647176484
2013-06-01,1.5906201601028442,4.256076335906982,2.111936996487543,2.1106104606263933
2013-06-06,3.172025203704834,3.9741415977478027,7.561545765981554,7.552451590093615
2013-06-11,13.436105728149414,3.617366075515747,12.05011456086385,12.052344139138487
2013-06-16,10.952045440673828,3.8133034706115723,0.8888629558941639,0.8883342288460415
2013-06-21,2.5989441871643066,2.176814079284668,14.919405355906111,14.942167486570032
2013-06-26,6.016789436340332,21.931013107299805,9.18767415395124,9.191385219270144
2013-07-01,16.521326065063477,22.48108673095703,12.12657831282963,12.131248380593373
2013-07-06,10.268061637878418,9.328372955322266,16.844098838731142,16.84681797776118
2013-07-11,12.990311622619629,12.54576587677002,9.669623441877599,9.672611099300507
2013-07-16,15.753735542297363,25.361196517944336,20.77229568282567,20.79227018178751
2013-07-21,8.770583152770996,17.06265640258789,14.943855955922139,14.934274601674149
2013-07-26,8.396347045898438,13.394415855407715,15.51457342571259,15.517150948289293
2013-08-01,28.778451919555664,19.982074737548828,34.248004739838365,34.2876611853448
2013-08-06,14.332162857055664,82.87538146972656,25.594593562424663,25.58340808745226
2013-08-11,17.68335723876953,49.63566970825195,27.304222921391258,27.312731405201333
2013-08-16,26.645206451416016,18.27865219116211,33.58495628163977,33.58657058125563
2013-08-21,21.89082145690918,42.42435836791992,29.110705523589868,29.137820868213193
2013-08-26,17.58861541748047,51.031986236572266,23.502227781606393,23.494368225998752
2013-09-01,5.888882637023926,2.193425178527832,23.586002232467496,23.623378033365828
2013-09-06,7.037610054016113,16.63804054260254,19.61593129350201,19.635097897858902
2013-09-11,21.899944305419922,5.673361778259277,15.260460850324037,15.287246421780832
2013-09-16,0.5939635038375854,4.987412929534912,11.117222150496334,11.130888830523686
2013-09-21,0.5877394080162048,0.7594581246376038,1.2581842294972883,1.2566116886404008
2013-09-26,4.219940662384033,6.626110553741455,6.054010635736763,6.057826072887868
2013-10-01,12.918000221252441,10.30713176727295,3.31981038125998,3.322184963381729
2013-10-06,3.6203465461730957,2.7216382026672363,0.404505004323741,0.404901695227183
2013-10-11,0.23982958495616913,0.3754998743534088,0.044932720759484665,0.04502106401554994
2013-10-16,0.11115117371082306,0.15014201402664185,0.0,0.0
2013-10-21,0.047670941799879074,0.025728393346071243,0.0,0.0
2013-10-26,0.0,0.0,0.0,0.0
2013-11-01,0.18095500767230988,0.1581079065799713,0.10635462043256162,0.10651046881847212
2013-11-06,0.04240596666932106,0.03364691510796547,0.022530915237408904,0.0225634440794808
2013-11-11,0.0,0.0,0.0,0.0
2013-11-16,0.0,0.0,0.0,0.0
2013-11-21,0.0,0.0,0.0,0.0
2013-11-26,0.0,0.0,0.0,0.0
2013-12-01,0.0015260493382811546,6.409983654975804e-09,4.258742705691468e-09,4.265001164104495e-09
2013-12-06,0.0002932021161541343,0.0,0.0,0.0
2013-12-11,0.0,0.0,0.0,0.0
2013-12-16,0.0,0.0,0.0,0.0
2013-12-21,0.0,0.0,0.0,0.0
2013-12-26,0.0,0.0,0.0,0.0
2014-01-01,0.0,0.0,0.0,0.0
2014-01-06,0.0,0.0,0.0,0.0
2014-01-11,0.0,0.0,0.0,0.0
2014-01-16,0.0,0.0,0.0,0.0
2014-01-21,0.0,0.0,7.533858527917874e-06,7.6161498425542585e-06
2014-01-26,1.2774624025269077e-08,1.9054100519610984e-08,7.903784466740409e-05,7.9900990709557e-05
2014-02-01,0.0,0.0,0.0,0.0
2014-02-06,0.0,0.0,0.0,0.0
2014-02-11,0.0,0.0,0.0,0.0
2014-02-16,0.00010124159598490223,0.00015424354933202267,0.00011129230854818554,0.00011185362871508013
2014-02-21,0.008995099924504757,0.013530542142689228,0.005100690181863426,0.0050989306186838374
2014-02-26,0.014745880849659443,0.022004002705216408,0.008161531705524383,0.008155513855940266
2014-03-01,0.04113612323999405,0.037271130830049515,0.004046409551939276,0.00399950178686715
2014-03-06,0.058332525193691254,0.05896090343594551,0.013420550274439032,0.013361564598791285
2014-03-11,0.0668109878897667,0.06886573880910873,0.01887202872738051,0.01880933230838336
2014-03-16,0.0725102350115776,0.0769820436835289,0.02659947819260484,0.026541535020060517
2014-03-21,0.08726745843887329,0.10664413869380951,0.05348300358271342,0.05344900786218052
2014-03-26,0.14902862906455994,0.20310334861278534,0.14287502565485008,0.14290744953605564
2014-04-01,0.0,0.24473895132541656,0.13788603706292318,0.13788436276179805
2014-04-06,0.01146868709474802,0.3407089412212372,0.22294463910527287,0.22301208530186695
2014-04-11,0.0375860370695591,0.6974547505378723,0.22723530282926707,0.22732691091284776
2014-04-16,0.10313782095909119,0.30872613191604614,0.261103468424406,0.2612493389633003
2014-04-21,0.2504684031009674,0.3398509621620178,0.6122899130777152,0.6133319603809275
2014-04-26,0.8254848718643188,0.3697948157787323,1.962993924802523,1.9647332452682258
2014-05-01,0.9240310192108154,2.122471570968628,2.994063185144864,3.0009924846048355
2014-05-06,13.427724838256836,3.2414910793304443,8.617247071016003,8.632585084916926
2014-05-11,0.9605222940444946,1.0316307544708252,0.8746888378248721,0.875921665340735
2014-05-16,1.6687484979629517,6.4912109375,0.644356859278933,0.6414200903454252
2014-05-21,5.286758899688721,3.7978062629699707,3.1951106397965128,3.2017825665587907
2014-05-26,2.4887499809265137,3.421114683151245,1.965188209179893,1.9653000480788132
2014-06-01,7.906253337860107,5.324455738067627,6.233363872568876,6.230180667755516
2014-06-06,21.737777709960938,3.846912145614624,8.819384996191873,8.797063708924789
2014-06-11,3.882723569869995,6.297914981842041,6.663421105069135,6.654229045676155
2014-06-16,4.204011917114258,2.111924886703491,4.84172331830464,4.8455051393324835
2014-06-21,5.339616298675537,7.5048041343688965,3.7401836475676418,3.7393625208813006
2014-06-26,8.082456588745117,12.187714576721191,5.978889993569129,5.9788479698343195
2014-07-01,10.577067375183105,23.296171188354492,6.727588295284476,6.729402854563754
2014-07-06,17.04465103149414,36.09553146362305,17.25050880264089,17.257898620550105
2014-07-11,9.853137969970703,12.095085144042969,15.217201553809211,15.244963153004907
2014-07-16,38.04831314086914,6.671409606933594,41.75920601080356,41.75632104941977
2014-07-21,43.56319808959961,27.620864868164062,43.3135673089294,43.33994148511438
2014-07-26,10.43422794342041,21.964054107666016,23.45061828552115,23.46780823700403
2014-08-01,24.29619026184082,49.00786590576172,20.06715602461207,20.056864955273294
2014-08-06,22.328561782836914,13.666363716125488,35.45314331215632,35.52987154772962
2014-08-11,34.117794036865234,42.360172271728516,25.784410437091235,25.763739705772956
2014-08-16,18.911344528198242,19.140562057495117,32.39922903782955,32.396364739786385
2014-08-21,12.259521484375,32.374351501464844,29.018442177522758,29.03900764420742
2014-08-26,13.189879417419434,2.811516046524048,18.980064892267766,19.00019163536226
2014-09-01,3.5658116340637207,13.949332237243652,20.890814778126416,20.91155546306465
2014-09-06,10.990696907043457,11.92839527130127,10.754411819143646,10.763992896479973
2014-09-11,13.990550994873047,11.449479103088379,15.270882767190344,15.298578346821698
2014-09-16,19.101200103759766,14.249034881591797,12.001037601134879,12.01846816977152
2014-09-21,6.97327995300293,16.614042282104492,0.7659921239652056,0.7667466933772605
2014-09-26,4.5709004402160645,6.755856513977051,4.276255298740637,4.27787022856931
2014-10-01,0.8509122133255005,1.1141798496246338,0.7205300136531041,0.7212309021840553
2014-10-06,0.46648138761520386,0.5597129464149475,0.3294923125667895,0.3298383889085663
2014-10-11,0.18144668638706207,0.18922317028045654,0.1023094076039774,0.10242489857409003
2014-10-16,0.08238451182842255,0.1298469752073288,0.0,0.0
2014-10-21,0.034802038222551346,0.010839247144758701,0.0,0.0
2014-10-26,0.0,0.0,0.0,0.0
2014-11-01,0.18095684051513672,0.16181693971157074,0.10635474072613135,0.10651059052942406
2014-11-06,0.04240420088171959,0.0330403707921505,0.022530919916339057,0.022563448851659756
2014-11-11,0.0,0.0,0.0,0.0
2014-11-16,0.0,0.0,0.0,0.0
2014-11-21,0.0,0.0,0.0,0.0
2014-11-26,0.0,0.0,0.0,0.0
2014-12-01,0.0015262421220541,6.409980102262125e-09,4.25873421401003e-09,4.26499263240501e-09
2014-12-06,0.0002931109338533133,0.0,0.0,0.0
2014-12-11,0.0,0.0,0.0,0.0
2014-12-16,0.0,0.0,0.0,0.0
2014-12-21,0.0,0.0,0.0,0.0
2014-12-26,0.0,0.0,0.0,0.0
2015-01-01,0.0,0.0,0.0,0.0
2015-01-06,0.0,0.0,0.0,0.0
2015-01-11,0.0,0.0,0.0,0.0
2015-01-16,0.0,0.0,0.0,0.0
2015-01-21,0.0,0.0,7.53386591860083e-06,7.616157314767317e-06
2015-01-26,1.2774625801625916e-08,1.9054148481245647e-08,7.903793662185379e-05,7.990108368050071e-05
2015-02-01,0.0,0.0,0.0,0.0
2015-02-06,0.0,0.0,0.0,0.0
2015-02-11,0.0,0.0,0.0,0.0
2015-02-16,0.00010124288382939994,0.0001522802049294114,0.00011129200828416874,0.00011185332790468354
2015-02-21,0.008995420299470425,0.013372369110584259,0.005100681538417285,0.005098922049836748
2015-02-26,0.014746047556400299,0.02171403542160988,0.008161508353876742,0.00815549060686632
2015-03-01,0.04117158427834511,0.05759540945291519,0.004056128843802998,0.004009135021730605
2015-03-06,0.058394111692905426,0.09104915708303452,0.013453108303285114,0.013394044867450411
2015-03-11,0.06686844676733017,0.10639066249132156,0.01891811594268519,0.018855352477789963
2015-03-16,0.0725724920630455,0.11892473697662354,0.02666421567767606,0.026606245052680538
2015-03-21,0.0873425081372261,0.17155545949935913,0.05361511685156961,0.05358124231719684
2015-03-26,0.1485363245010376,0.31185758113861084,0.14249977964166258,0.1425324317959676
2015-04-01,0.0,0.25197380781173706,0.12301582692190703,0.12300830248851649
2015-04-06,0.011961624957621098,0.30900314450263977,0.1750508026739656,0.1750906696009962
2015-04-11,0.041363224387168884,0.3183617889881134,0.19820919563747177,0.19827791747785692
2015-04-16,0.11007517576217651,0.31720978021621704,0.22285286761816872,0.22296467667746525
2015-04-21,0.27398261427879333,0.35264402627944946,0.5090795098326759,0.5096542865772676
2015-04-26,0.4990169405937195,0.4307767450809479,0.41797429197790753,0.41840638460751733
2015-05-01,0.5401283502578735,0.40203869342803955,0.39565658527318426,0.3963622105455479
2015-05-06,0.5002869367599487,0.5285883545875549,0.4357164740853515,0.4364480893690726
2015-05-11,0.4690301716327667,0.46581003069877625,0.4291897702330762,0.42987836991297557
2015-05-16,0.43667903542518616,0.6869952082633972,0.438460752918702,0.43909316220538536
2015-05-21,3.245959758758545,0.496861070394516,1.349150139413514,1.3503719441734365
2015-05-26,0.5602259635925293,0.47823116183280945,0.5831105027413063,0.5832334467535172
2015-06-01,14.82917594909668,18.06613540649414,8.723926069244733,8.711124623637655
2015-06-06,0.7850636839866638,5.1395792961120605,4.21869680281982,4.221591310495124
2015-06-11,5.985309600830078,3.0230331420898438,1.8511714305035059,1.8493758814498749
2015-06-16,0.6965110898017883,2.6011641025543213,0.711363660656775,0.7109329299074609
2015-06-21,4.480814456939697,11.022078514099121,0.5820033344723919,0.5817523080652618
2015-06-26,11.35275650024414,13.161252975463867,6.591975099895283,6.591707054162016
2015-07-01,8.612533569335938,6.799407005310059,10.665274656846735,10.668100406874105
2015-07-06,14.278218269348145,21.7598819732666,17.350918473978375,17.358678761522587
2015-07-11,26.093595504760742,34.87041091918945,25.711355703390762,25.72479040781853
2015-07-16,17.02077293395996,36.35419464111328,24.635265452486934,24.651212108714972
2015-07-21,6.646178245544434,6.239896297454834,10.524218118339922,10.51766612059458
2015-07-26,15.2830810546875,76.22259521484375,15.542160911810134,15.543732185079936
2015-08-01,37.55026626586914,47.23785400390625,45.839148575674606,45.897180517510265
2015-08-06,8.626653671264648,27.362865447998047,19.011382098606948,19.026127301890046
2015-08-11,39.61382293701172,37.00510025024414,38.63925045303972,38.66581720697608
2015-08-16,20.20587730407715,21.084203720092773,26.67474074852977,26.704211885862392
2015-08-21,6.3136887550354,33.58937072753906,3.7250861085916225,3.7263408765838957
2015-08-26,25.690441131591797,32.99034881591797,28.04474691164111,28.047700967263776
2015-09-01,39.21443557739258,19.77314567565918,30.357762507662855,30.387150857951397
2015-09-06,6.760402679443359,11.87395191192627,6.6936819235272536,6.696533287885172
2015-09-11,7.695652484893799,14.340311050415039,7.268041739076139,7.289419339978979
2015-09-16,13.18043327331543,20.547718048095703,22.31362826349653,22.322371912164858
2015-09-21,13.104278564453125,4.454797267913818,18.010746755556248,18.046370507600194
2015-09-26,5.864587306976318,7.402268886566162,7.002859579952095,7.020566425283044
2015-10-01,1.7390282154083252,4.181676387786865,3.006191063935771,3.0057613113292314
2015-10-06,0.8122657537460327,0.8424416184425354,0.4136299845502562,0.41408839303988265
2015-10-11,0.1840295046567917,0.9566916823387146,0.028686807761406714,0.028744301567910923
2015-10-16,0.08967839181423187,0.5662847757339478,0.0,0.0
2015-10-21,0.038676708936691284,0.018234189599752426,0.0,0.0
2015-10-26,0.0,0.0,0.0,0.0
2015-11-01,0.18095487356185913,0.1581181436777115,0.10635436075957308,0.10651020750430454
2015-11-06,0.042406097054481506,0.03370335325598717,0.022531155971504346,0.022563685149271935
2015-11-11,0.0,0.0,0.0,0.0
2015-11-16,0.0,0.0,0.0,0.0
2015-11-21,0.0,0.0,0.0,0.0
2015-11-26,0.0,0.0,0.0,0.0
2015-12-01,0.001526050386019051,6.4099876517786925e-09,4.258736845842235e-09,4.264995313148161e-09
2015-12-06,0.00029320231988094747,0.0,0.0,0.0
2015-12-11,0.0,0.0,0.0,0.0
2015-12-16,0.0,0.0,0.0,0.0
2015-12-21,0.0,0.0,0.0,0.0
2015-12-26,0.0,0.0,0.0,0.0
2016-01-01,0.0,0.0,0.0,0.0
2016-01-06,0.0,0.0,0.0,0.0
2016-01-11,0.0,0.0,0.0,0.0
2016-01-16,0.0,0.0,0.0,0.0
2016-01-21,0.0,0.0,7.5338634474111575e-06,7.61615481718353e-06
2016-01-26,1.2774625801625916e-08,1.905413782310461e-08,7.90379037373865e-05,7.99010504374716e-05
2016-02-01,0.0,0.0,0.0,0.0
2016-02-06,0.0,0.0,0.0,0.0
2016-02-11,0.0,0.0,0.0,0.0
2016-02-16,0.00010116474732058123,0.00014941449626348913,0.00011103309195389867,0.00011159307119554652
2016-02-21,0.008993523195385933,0.01328291092067957,0.005101590111356342,0.005099830711362183
2016-02-26,0.014748313464224339,0.021782400086522102,0.008160891154816833,0.008154874526792201
2016-03-01,0.06044607609510422,0.07980130612850189,0.005149100161473182,0.00508987329310265
2016-03-06,0.08573125302791595,0.1368250697851181,0.017083178901200844,0.017009229121944653
2016-03-11,0.09812993556261063,0.1515561193227768,0.0240238532459986,0.023945540970124548
2016-03-16,0.10654736310243607,0.1647762656211853,0.03386210158880305,0.03379030705076132
2016-03-21,0.12823204696178436,0.22814451158046722,0.06809249683071746,0.06805276806113165
2016-03-26,0.2189875990152359,0.4370318055152893,0.1819278973677077,0.18197802584194953
2016-04-01,0.0,0.5674809217453003,0.18481611002611104,0.18480402453207542
2016-04-06,0.03124357759952545,1.3978369235992432,0.6675421107672854,0.6677320548737576
2016-04-11,0.06225496530532837,0.43891000747680664,0.3020986187924812,0.30220473325853653
2016-04-16,0.16884618997573853,0.43863505125045776,0.3424942191328593,0.34266396838073854
2016-04-21,0.4579598009586334,0.5026214718818665,0.47031710368234964,0.4706921414649276
2016-04-26,0.9124071598052979,1.482399821281433,0.716973005484059,0.7177105054394071
2016-05-01,0.7751278877258301,0.6070708632469177,0.5973675376835147,0.5984101041961303
2016-05-06,2.20709490776062,2.088979482650757,1.778647983204347,1.7815390796141937
2016-05-11,7.453242778778076,5.436202049255371,0.6466444483025754,0.6476467122296964
2016-05-16,4.695213794708252,6.975318908691406,2.1381081178109502,2.142749851064307
2016-05-21,8.673257827758789,5.768555641174316,7.464407781803459,7.47541810058871
2016-05-26,5.894122123718262,5.257869243621826,3.05915819434574,3.06164712905606
2016-06-01,3.194601058959961,6.377905368804932,6.989189283439067,7.0007239488161
2016-06-06,11.295727729797363,13.143263816833496,7.222345894653933,7.216588184646345
2016-06-11,6.577033996582031,15.442815780639648,8.684337663290403,8.681944611636952
2016-06-16,6.047423362731934,3.299926996231079,6.0826902476090545,6.07072662694016
2016-06-21,2.7622902393341064,16.227745056152344,2.412316935146839,2.4069229295354417
2016-06-26,10.107620239257812,16.873743057250977,13.634623100940669,13.63873479062184
2016-07-01,17.627151489257812,4.076712131500244,33.90005545412231,33.91512960938554
2016-07-06,28.571517944335938,15.665604591369629,27.718057601875802,27.754802578866514
2016-07-11,6.4856367111206055,6.290266513824463,14.333728572773307,14.334139290088943
2016-07-16,46.67485046386719,41.93946075439453,33.78809676379554,33.80171570042954
2016-07-21,16.699033737182617,20.226282119750977,14.635221315688531,14.62478930785257
2016-07-26,25.960819244384766,27.55002212524414,30.838275328386473,30.85932042520067
2016-08-01,17.99248695373535,7.109131336212158,23.65903726498387,23.667338561564147
2016-08-06,15.086992263793945,20.500843048095703,21.818570443125648,21.8007566382706
2016-08-11,20.906810760498047,53.47278594970703,23.95245818780473,23.962451166492833
2016-08-16,20.411741256713867,42.71086120605469,24.328134143589335,24.348448422732897
2016-08-21,2.8963112831115723,22.516843795776367,10.469332580373354,10.478451234299074
2016-08-26,22.643226623535156,42.82054138183594,30.998375933993977,31.019367844667997
2016-09-01,15.670886993408203,26.986974716186523,17.731730722902114,17.746696997193784
2016-09-06,9.796236038208008,30.391069412231445,12.91416890593992,12.921355327444774
2016-09-11,9.441590309143066,25.377470016479492,8.330621608335958,8.333269418736323
2016-09-16,10.301180839538574,5.837225437164307,7.898099753058984,7.918563297147497
2016-09-21,9.551517486572266,12.592835426330566,10.66450625466653,10.676586507671047
2016-09-26,6.88267183303833,6.338348388671875,2.9858759621038575,2.9840811160716925
2016-10-01,2.107525110244751,1.2117118835449219,1.6359301539667923,1.637462583211762
2016-10-06,1.1553733348846436,0.6087086200714111,0.7480951068515025,0.7488541038664969
2016-10-11,0.44940412044525146,0.20578721165657043,0.06808053889407695,0.06821423867221905
2016-10-16,0.20404860377311707,0.07091248035430908,0.0,0.0
2016-10-21,0.08619710803031921,0.011788083240389824,0.0,0.0
2016-10-26,0.0,0.0,0.0,0.0
2016-11-01,0.1809549778699875,0.15807121992111206,0.1555702438769295,0.15580872197750442
2016-11-06,0.04240606725215912,0.03368362411856651,0.032957488209963894,0.03300730206270359
2016-11-11,0.0,0.0,0.0,0.0
2016-11-16,0.0,0.0,0.0,0.0
2016-11-21,0.0,0.0,0.0,0.0
2016-11-26,0.0,0.0,0.0,0.0
2016-12-01,0.0015260487562045455,6.409981878618964e-09,4.258736120401121e-09,4.26499452545675e-09
2016-12-06,0.0002932022325694561,0.0,0.0,0.0
2016-12-11,0.0,0.0,0.0,0.0
2016-12-16,0.0,0.0,0.0,0.0
2016-12-21,0.0,0.0,0.0,0.0
2016-12-26,0.0,0.0,0.0,0.0
2017-01-01,0.0,0.0,0.0,0.0
2017-01-06,0.0,0.0,0.0,0.0
2017-01-11,0.0,0.0,0.0,0.0
2017-01-16,0.0,0.0,0.0,0.0
2017-01-21,0.0,0.0,7.533862642637383e-06,7.61615400166712e-06
2017-01-26,1.2774627577982756e-08,1.905413782310461e-08,7.903790372629025e-05,7.990105042751365e-05
2017-02-01,0.0,0.0,0.0,0.0
2017-02-06,0.0,0.0,0.0,0.0
2017-02-11,0.0,0.0,0.0,0.0
2017-02-16,0.00010124400432687253,0.0001522564998595044,0.00011129242744269566,0.00011185374884805107
2017-02-21,0.008995520882308483,0.013351824134588242,0.005100694383973631,0.005098934867418457
2017-02-26,0.014746223576366901,0.02171064354479313,0.008161530683301275,0.008155512843042043
2017-03-01,0.0411350317299366,0.03721451014280319,0.004046078269463584,0.003999174155082567
2017-03-06,0.058342255651950836,0.058830179274082184,0.013419456405338384,0.01336047527090793
2017-03-11,0.06680911779403687,0.06874290853738785,0.018870739397019994,0.0188080468385238
2017-03-16,0.07250803709030151,0.07684168219566345,0.026597344672492067,0.02653940597589085
2017-03-21,0.08726496994495392,0.10639288276433945,0.053480379791741854,0.053446385339392825
2017-03-26,0.14902649819850922,0.2038053721189499,0.14288231495272719,0.14291471869218886
2017-04-01,0.0,0.3496249318122864,0.10919132474885382,0.10918023045242367
2017-04-06,0.0108437929302454,0.7769955396652222,0.15537682560219104,0.1554060736525504
2017-04-11,0.03749778866767883,0.44400554895401,0.17593185733641184,0.17598597462196994
2017-04-16,0.0997885912656784,0.44014298915863037,0.1978046670201964,0.19789627286580552
2017-04-21,0.25226181745529175,0.4835824966430664,0.2638838603297264,0.26408588754306517
2017-04-26,0.5389586091041565,0.8191157579421997,0.3758164196218434,0.3761919458790143
2017-05-01,0.6000162363052368,3.044647455215454,0.3721061155839904,0.37278686923398563
2017-05-06,0.5288386344909668,1.0867277383804321,0.9909680809264048,0.9944595170872277
2017-05-11,2.7362935543060303,4.845897197723389,1.078134348897648,1.0800275224484146
2017-05-16,4.495863437652588,10.205131530761719,1.8630851644124558,1.8666262823483963
2017-05-21,3.1602861881256104,3.4809165000915527,1.4405537894927807,1.4429236497929225
2017-05-26,6.313037395477295,4.334944725036621,3.2148683812455476,3.2154260598873976
2017-06-01,13.699175834655762,1.7350496053695679,7.933145053080488,7.932369447332538
2017-06-06,17.127689361572266,8.223984718322754,18.262377939922715,18.240904088338894
2017-06-11,7.612989902496338,24.511688232421875,6.6759030871403615,6.671392754447771
2017-06-16,2.177121162414551,14.635401725769043,5.618988026295449,5.610528326684726
2017-06-21,13.580787658691406,7.540976524353027,24.241359005147988,24.233653507922
2017-06-26,4.756989002227783,7.240338325500488,15.574346380800005,15.581355702961583
2017-07-01,7.641587734222412,17.430383682250977,21.146136470693566,21.164597866936003
2017-07-06,25.951871871948242,32.33389663696289,44.1715496511081,44.20294181071287
2017-07-11,9.11586856842041,18.3118953704834,18.266926462318217,18.274830171016056
2017-07-16,12.170825004577637,4.986158847808838,18.332535885236428,18.339212550530505
2017-07-21,25.523218154907227,39.2422981262207,30.373330876343235,30.379077691308428
2017-07-26,31.520261764526367,6.062136173248291,32.183876152529415,32.19015024553079
2017-08-01,19.376773834228516,31.382816314697266,25.775238465285998,25.793703260858038
2017-08-06,8.949383735656738,18.86163902282715,17.250346722394898,17.25768253297756
2017-08-11,8.567989349365234,21.709793090820312,8.599899101618496,8.602641816336156
2017-08-16,4.122157573699951,13.580244064331055,8.24898643329014,8.252070833150981
2017-08-21,33.337825775146484,58.03664779663086,22.96089311664407,22.983078134717832
2017-08-26,7.877279758453369,62.4318733215332,8.954144462656169,8.958121592357507
2017-09-01,14.175994873046875,15.897978782653809,7.340830431257382,7.346807020851774
2017-09-06,5.755867958068848,5.407108306884766,2.7347831947923384,2.7394369939947856
2017-09-11,4.352428436279297,2.657689094543457,5.746011717569301,5.752777180800655
2017-09-16,4.737183094024658,12.953771591186523,5.4489048100187345,5.458052673352497
2017-09-21,1.6132957935333252,3.2476813793182373,0.9542009114358428,0.9552911425652083
2017-09-26,0.949260950088501,0.7909796833992004,0.5702398683051503,0.5709078747675177
2017-10-01,4.032192230224609,2.1373677253723145,1.2799373032340338,1.283509321290941
2017-10-06,0.2826958894729614,0.8262640237808228,0.31521475476814514,0.3155671392057677
2017-10-11,0.12897148728370667,0.1190929263830185,0.03290667244547182,0.03297377250246405
2017-10-16,0.059980735182762146,0.12212756276130676,0.0,0.0
2017-10-21,0.024845609441399574,0.006436323747038841,0.0,0.0
2017-10-26,0.0,0.0,0.0,0.0
2017-11-01,0.1809549182653427,0.1580713391304016,0.10635458917583074,0.10651043771093928
2017-11-06,0.042406097054481506,0.033683616667985916,0.022531167510977338,0.022563696651445437
2017-11-11,0.0,0.0,0.0,0.0
2017-11-16,0.0,0.0,0.0,0.0
2017-11-21,0.0,0.0,0.0,0.0
2017-11-26,0.0,0.0,0.0,0.0
2017-12-01,0.0016242412384599447,6.4099814345297546e-09,4.25900316855592e-09,4.265261831505652e-09
2017-12-06,0.0003118990280199796,0.0,0.0,0.0
2017-12-11,0.0,0.0,0.0,0.0
2017-12-16,0.0,0.0,0.0,0.0
2017-12-21,0.0,0.0,0.0,0.0
2017-12-26,0.0,0.0,0.0,0.0
2018-01-01,0.0,0.0,0.0,0.0
2018-01-06,0.0,0.0,0.0,0.0
2018-01-11,0.0,0.0,0.0,0.0
2018-01-16,0.0,0.0,0.0,0.0
2018-01-21,0.0,0.0,7.533867568372318e-06,7.61615898189775e-06
2018-01-26,1.2774627577982756e-08,1.9054132494034093e-08,7.903793668843134e-05,7.99010837402485e-05
2018-02-01,0.0,0.0,0.0,0.0
2018-02-06,0.0,0.0,0.0,0.0
2018-02-11,0.0,0.0,0.0,0.0
2018-02-16,0.00010124421532964334,0.00016759338905103505,0.00011129241608650235,0.0001118537371640298
2018-02-21,0.008995532058179379,0.014753581956028938,0.005100693214241102,0.005098933674373721
2018-02-26,0.014746238477528095,0.023897599428892136,0.008161535998535134,0.008155518186250538
2018-03-01,0.04108382761478424,0.03788230940699577,0.004045104116438264,0.0039982122059959305
2018-03-06,0.05826963111758232,0.0598858967423439,0.013416239819712295,0.013357275097073294
2018-03-11,0.0667259469628334,0.06997650116682053,0.018866217454220364,0.018803542799496684
2018-03-16,0.07241778075695038,0.0782206803560257,0.02659094355043547,0.026533022160814317
2018-03-21,0.08715658634901047,0.11909224092960358,0.05346753956309093,0.05343355954565849
2018-03-26,0.14884108304977417,0.20657303929328918,0.14284797719067463,0.14288038913603185
2018-04-01,0.0,0.22814740240573883,0.10607550742826025,0.10606218970708207
2018-04-06,0.013634933158755302,0.28061699867248535,0.15094237749539302,0.15096726254559076
2018-04-11,0.04714960977435112,0.2882488965988159,0.7306665253552633,0.7310760395373658
2018-04-16,0.12547358870506287,0.2872149348258972,0.1921583012976042,0.19224290333660743
2018-04-21,0.3169618248939514,0.30585944652557373,0.2563490964461568,0.25653964599853674
2018-04-26,0.554323136806488,0.3520320951938629,0.34282487443831305,0.34315303686211307
2018-05-01,0.6308286786079407,0.5327011346817017,0.4698798247540886,0.4707547081141722
2018-05-06,0.6953028440475464,1.8504648208618164,1.7428262996725858,1.745969152963482
2018-05-11,1.5708510875701904,0.6350039839744568,2.426025650892942,2.432912958844874
2018-05-16,1.18581223487854,4.471057891845703,0.45754896758293234,0.4582549207927291
2018-05-21,2.761732816696167,2.6887078285217285,1.2683342779337208,1.269072241596775
2018-05-26,18.53119659423828,13.49837875366211,11.223670080372212,11.234641244800557
2018-06-01,1.8323984146118164,10.887271881103516,5.599235589191698,5.595715277826593
2018-06-06,6.546757698059082,6.53036642074585,3.918542340580464,3.9107555268069185
2018-06-11,3.785398006439209,17.0792179107666,5.069894237471634,5.073021759165341
2018-06-16,11.947331428527832,8.409492492675781,14.378018905053416,14.35756451814776
2018-06-21,3.32707142829895,8.096755981445312,19.600349417225537,19.5919901410684
2018-06-26,12.852048873901367,22.43781280517578,17.305515106373853,17.310539926647525
2018-07-01,12.746689796447754,20.40315055847168,27.963794716430016,27.982924806639666
2018-07-06,9.767001152038574,8.560029029846191,13.344609990608987,13.336104772447063
2018-07-11,11.427066802978516,22.204471588134766,20.128724629921294,20.154736204582505
2018-07-16,29.337339401245117,26.77314567565918,15.059421828243366,15.049815370519164
2018-07-21,28.02701759338379,27.03192138671875,20.653480641890923,20.66137970993096
2018-07-26,2.0149004459381104,8.782636642456055,12.385872280392553,12.404072739892982
2018-08-01,28.64585304260254,41.912776947021484,59.37296309819728,59.42215960946524
2018-08-06,33.045021057128906,65.94839477539062,27.658375171521715,27.6576308329221
2018-08-11,0.9309901595115662,14.35615062713623,3.7877921324986707,3.783996537501847
2018-08-16,34.79863357543945,34.61492919921875,24.64361273373326,24.659302606894492
2018-08-21,25.21247100830078,32.022586822509766,33.99977805013638,33.992157860805605
2018-08-26,37.497798919677734,19.52292251586914,33.91362073173151,33.88233544093846
2018-09-01,19.117767333984375,6.007737636566162,29.55590312654807,29.596348789443937
2018-09-06,41.369361877441406,5.886941432952881,60.32992722463959,60.39766570390054
2018-09-11,13.6849946975708,10.395574569702148,10.994605015492864,11.009066317461754
2018-09-16,2.5918967723846436,7.59489107131958,0.9672639766206844,0.9684667938330728
2018-09-21,0.8862782120704651,11.902621269226074,3.4820730171232537,3.4863638949211637
2018-09-26,22.90790557861328,21.688982009887695,3.540457546124071,3.5543784668825156
2018-10-01,11.36511516571045,10.06478500366211,3.636325233285142,3.6365237455403423
2018-10-06,2.6442883014678955,4.780173301696777,1.3426526044979772,1.3436190489442394
2018-10-11,0.6955034732818604,1.5150877237319946,0.13636375415510102,0.13647192382504184
2018-10-16,0.12431474030017853,0.23325121402740479,0.0,0.0
2018-10-21,0.0527472123503685,0.02908622846007347,0.0,0.0
2018-10-26,0.0,0.0,0.0,0.0
2018-11-01,0.18064551055431366,0.15807120501995087,0.10635499823055937,0.1065108468402669
2018-11-06,0.042333610355854034,0.033683620393276215,0.022531270999369434,0.02256380060608156
2018-11-11,0.0,0.0,0.0,0.0
2018-11-16,0.0,0.0,0.0,0.0
2018-11-21,0.0,0.0,0.0,0.0
2018-11-26,0.0,0.0,0.0,0.0
2018-12-01,0.0015261339722201228,6.410357134001288e-09,4.25873421401003e-09,4.26499263240501e-09
2018-12-06,0.00029321867623366416,0.0,0.0,0.0
2018-12-11,0.0,0.0,0.0,0.0
2018-12-16,0.0,0.0,0.0,0.0
2018-12-21,0.0,0.0,0.0,0.0
2018-12-26,0.0,0.0,0.0,0.0
2019-01-01,0.0,0.0,0.0,0.0
2019-01-06,0.0,0.0,0.0,0.0
2019-01-11,0.0,0.0,0.0,0.0
2019-01-16,0.0,0.0,0.0,0.0
2019-01-21,0.0,0.0,7.533870035400883e-06,7.61616147574731e-06
2019-01-26,1.277461691984172e-08,1.9054130717677253e-08,7.903794980892946e-05,7.990109700758615e-05
2019-02-01,0.0,0.0,0.0,0.0
2019-02-06,0.0,0.0,0.0,0.0
2019-02-11,0.0,0.0,0.0,0.0
2019-02-16,0.00010124279651790857,0.0001522667007520795,0.0001112921019807307,0.00011185342243902781
2019-02-21,0.008995406329631805,0.013352729380130768,0.005100679630321869,0.00509892014640378
2019-02-26,0.01474603172391653,0.02171211875975132,0.008161507877056821,0.008155490083422003
2019-03-01,0.041135016828775406,0.037140604108572006,0.004046080194704819,0.003999176050017938
2019-03-06,0.05834222957491875,0.0587133914232254,0.013419468761284683,0.013360487887950918
2019-03-11,0.06680910289287567,0.06860639154911041,0.018870755251821032,0.018808062786573643
2019-03-16,0.07250801473855972,0.07668916136026382,0.026597358119244734,0.026539419571841652
2019-03-21,0.08726496249437332,0.1061815693974495,0.05348039660018274,0.05344640233433127
2019-03-26,0.14902648329734802,0.2044965922832489,0.1428823807320821,0.1429147853667325
2019-04-01,0.0,0.23850031197071075,0.12038983428468411,0.12038138944818852
2019-04-06,0.011753244325518608,0.2931581735610962,0.1713137094277542,0.1713512239482753
2019-04-11,0.0406426340341568,0.968163013458252,0.19391332533809227,0.19397881107159723
2019-04-16,0.10815763473510742,0.3014877736568451,0.21809474584182598,0.21820229947279446
2019-04-21,0.2775276005268097,0.4272509813308716,0.29095424477043896,0.29118551317102437
2019-04-26,0.4851512908935547,0.39222264289855957,0.41437269742340005,0.41479863115526777
2019-05-01,0.6042178273200989,0.7883711457252502,0.9416525871690916,0.9441483575397537
2019-05-06,0.683538019657135,0.7776325345039368,1.9661312059994658,1.969808726810203
2019-05-11,7.139379501342773,1.283526062965393,1.6855961381381859,1.6873858696593418
2019-05-16,2.8808488845825195,1.016698956489563,3.351550848017846,3.359024799334793
2019-05-21,1.118276834487915,4.762178421020508,2.5254742291262353,2.524811822963906
2019-05-26,6.202244281768799,0.4895697236061096,6.638106240952255,6.64536126016467
2019-06-01,11.755536079406738,8.563754081726074,9.175593004357003,9.1742465929212
2019-06-06,27.61557960510254,6.9208502769470215,29.190345361252668,29.1604826517052
2019-06-11,9.190921783447266,2.638094425201416,7.770166581675996,7.7498221430308725
2019-06-16,0.9344689249992371,5.432236671447754,6.197836503354624,6.192050662939679
2019-06-21,3.20904541015625,8.319422721862793,6.4143427315775945,6.409327483854307
2019-06-26,12.181816101074219,21.547645568847656,13.166698530789903,13.188630986312896
2019-07-01,17.676509857177734,8.71423053741455,21.320884997858478,21.330126094490765
2019-07-06,4.631139278411865,21.593233108520508,9.860983296113156,9.879541620992773
2019-07-11,6.264169692993164,9.938889503479004,17.271993671047447,17.281350039328657
2019-07-16,11.354347229003906,9.25705623626709,9.582179816203817,9.589559531610973
2019-07-21,11.459718704223633,31.198360443115234,22.00205642923319,22.02666522660837
2019-07-26,27.348033905029297,37.05142593383789,22.328068659798927,22.349370902529714
2019-08-01,19.224031448364258,57.41475296020508,33.13722480456016,33.180241277311595
2019-08-06,13.412262916564941,54.25533676147461,16.126038584680543,16.122297030430673
2019-08-11,9.635295867919922,21.724882125854492,5.902333708953989,5.9042996768566
2019-08-16,20.380979537963867,30.387893676757812,42.74226539862222,42.748059575033714
2019-08-21,16.316341400146484,32.701805114746094,23.599134014584916,23.625812602645915
2019-08-26,21.628374099731445,39.027095794677734,30.171919175149846,30.175968177755575
2019-09-01,8.1500825881958,8.330621719360352,6.70602089899513,6.714805392136445
2019-09-06,21.919227600097656,13.06503963470459,26.84644332130711,26.869073403293715
2019-09-11,17.737573623657227,8.002370834350586,22.946790770651365,22.97554195670967
2019-09-16,13.894274711608887,1.6369681358337402,17.335279252126647,17.345772638869082
2019-09-21,0.9553109407424927,0.7847091555595398,0.8896289542303857,0.8906495581852688
2019-09-26,7.001592636108398,2.4862143993377686,5.545308346468819,5.552176066500047
2019-10-01,17.362754821777344,8.72623348236084,15.464841326622173,15.480033474907767
2019-10-06,8.257447242736816,3.2497212886810303,2.702685113654188,2.7085878275088837
2019-10-11,0.5384345650672913,0.18095190823078156,0.0764704694584707,0.07663196976696494
2019-10-16,0.5484510660171509,0.151265487074852,0.0,0.0
2019-10-21,0.04429458826780319,0.009608320891857147,0.0,0.0
2019-10-26,0.0,0.0,0.0,0.0
2019-11-01,0.18064546585083008,0.1582837998867035,0.10635491100520483,0.10651075939111539
2019-11-06,0.042333561927080154,0.03372891992330551,0.022531281358767072,0.022563810667082976
2019-11-11,0.0,0.0,0.0,0.0
2019-11-16,0.0,0.0,0.0,0.0
2019-11-21,0.0,0.0,0.0,0.0
2019-11-26,0.0,0.0,0.0,0.0
2019-12-01,0.0015261339722201228,6.410355801733658e-09,4.258736217732316e-09,4.26499465835955e-09
2019-12-06,0.0002932184434030205,0.0,0.0,0.0
2019-12-11,0.0,0.0,0.0,0.0
2019-12-16,0.0,0.0,0.0,0.0
2019-12-21,0.0,0.0,0.0,0.0
2019-12-26,0.0,0.0,0.0,0.0
2020-01-01,0.0,0.0,0.0,0.0
2020-01-06,0.0,0.0,0.0,0.0
2020-01-11,0.0,0.0,0.0,0.0
2020-01-16,0.0,0.0,0.0,0.0
2020-01-21,0.0,0.0,7.533870853351481e-06,7.616162303088797e-06
2020-01-26,1.2774632018874854e-08,1.9054100519610984e-08,7.903795630814912e-05,7.990110358648626e-05
2020-02-01,0.0,0.0,0.0,0.0
2020-02-06,0.0,0.0,0.0,0.0
2020-02-11,0.0,0.0,0.0,0.0
2020-02-16,0.00010124281834578142,0.0001522684469819069,0.0001112922309982131,0.00011185355091013052
2020-02-21,0.008995410054922104,0.013352809473872185,0.005100697745661815,0.005098938266406157
2020-02-26,0.014746035449206829,0.021712370216846466,0.008161532160027043,0.008155514263818518
2020-03-01,0.041083842515945435,0.037218328565359116,0.004045101748668756,0.003998209770621035
2020-03-06,0.05826965719461441,0.05883629620075226,0.013416231960895064,0.01335726708905795
2020-03-11,0.066725954413414,0.06875003129243851,0.018866194104204235,0.018803519169734117
2020-03-16,0.07241781055927277,0.07684966176748276,0.02659094355043547,0.026533022160814317
2020-03-21,0.08715636283159256,0.10640370845794678,0.0534675074006178,0.05343352686099191
2020-03-26,0.14884093403816223,0.20382630825042725,0.14284798300830867,0.14288039435687347
2020-04-01,0.0,0.23230499029159546,0.1338690547877851,0.13385688827917916
2020-04-06,0.015205800533294678,0.4814284145832062,0.20077950155903576,0.20082107784874623
2020-04-11,0.054049670696258545,0.2950151860713959,0.22816089449101265,0.22823592875398888
2020-04-16,0.14383623003959656,0.28169602155685425,0.2565278853806027,0.256652071317833
2020-04-21,0.36573588848114014,0.4056956171989441,0.34222586033881736,0.34249486422231584
2020-04-26,0.7331451177597046,1.2356125116348267,0.48739190764425444,0.48788868600713353
2020-05-01,0.6000821590423584,0.7545365691184998,0.6620704467385362,0.6633106279305586
2020-05-06,0.7545644044876099,0.7692728638648987,1.329246990188655,1.336565002631037
2020-05-11,1.1559696197509766,0.8799353241920471,1.0770873522774593,1.0789625474566678
2020-05-16,7.999592304229736,0.6699504852294922,3.652562148918508,3.6586883567589688
2020-05-21,0.6574158668518066,1.109902024269104,2.7557294580956677,2.7598288729504006
2020-05-26,8.765693664550781,5.759281158447266,1.8072630620344905,1.8170507787451433
2020-06-01,0.6832083463668823,7.954378128051758,6.708427156566811,6.70402145829508
2020-06-06,17.989845275878906,4.762905597686768,22.105681694663033,22.106113199452118
2020-06-11,10.41075325012207,14.814630508422852,16.36089540657336,16.360302720088345
2020-06-16,15.80988883972168,10.87071704864502,1.9675250976845444,1.9687591665286328
2020-06-21,4.991948127746582,8.73951244354248,4.6726249096657755,4.671522075474152
2020-06-26,22.026016235351562,8.808252334594727,8.131184938548346,8.130288279426562
2020-07-01,5.543753623962402,3.5554165840148926,7.721301178058526,7.718266397906403
2020-07-06,23.503442764282227,17.84518051147461,29.076939259589643,29.111294546061814
2020-07-11,46.27418518066406,34.34177780151367,52.35133675346793,52.37707070984548
2020-07-16,8.87785530090332,22.4092960357666,15.288553127144093,15.29320129023896
2020-07-21,54.76985549926758,9.43120288848877,53.993918486509344,54.0323247235176
2020-07-26,30.85423469543457,41.35064697265625,29.356078252305934,29.349289447329628
2020-08-01,32.6951789855957,58.424560546875,36.56826239300681,36.549127184705384
2020-08-06,37.288063049316406,83.18614196777344,56.18773936552427,56.22236932928702
2020-08-11,5.0323405265808105,29.622140884399414,6.697954284789712,6.705737374578581
2020-08-16,10.852279663085938,49.07547378540039,16.39438086444166,16.395456389412303
2020-08-21,29.99063491821289,74.66781616210938,38.60360323723228,38.62059534009313
2020-08-26,36.98590087890625,24.863933563232422,44.24339001815484,44.287114563624385
2020-09-01,34.8516845703125,41.91971969604492,25.247066664924407,25.257449267896913
2020-09-06,23.63111686706543,34.44456481933594,26.211692459383183,26.234416901412406
2020-09-11,8.025540351867676,6.271146774291992,27.259925218122998,27.296525857286966
2020-09-16,17.505687713623047,25.285924911499023,9.158647333445938,9.152906429112827
2020-09-21,6.284090042114258,9.02818489074707,7.636809181600488,7.64387984447382
2020-09-26,6.22799825668335,3.1391618251800537,1.1893162633565733,1.1905871149044824
2020-10-01,8.726021766662598,5.239516735076904,6.067817639800832,6.076075862291626
2020-10-06,4.157564640045166,3.827925205230713,3.1348384642583604,3.1356412049639246
2020-10-11,0.19326625764369965,0.34671416878700256,0.04917249388808302,0.04926667627305345
2020-10-16,0.10100075602531433,0.08304324001073837,0.0,0.0
2020-10-21,0.04056869447231293,0.014597011730074883,0.0,0.0
2020-10-26,0.0,0.0,0.0,0.0
2020-11-01,0.18064557015895844,0.15828381478786469,0.1063549751516132,0.10651082383591999
2020-11-06,0.04233360290527344,0.03372885659337044,0.022531258461622093,0.02256378782588729
2020-11-11,0.0,0.0,0.0,0.0
2020-11-16,0.0,0.0,0.0,0.0
2020-11-21,0.0,0.0,0.0,0.0
2020-11-26,0.0,0.0,0.0,0.0
2020-12-01,0.0015261335065588355,6.410358466268917e-09,4.258739553722242e-09,4.264998016581723e-09
2020-12-06,0.0002932185016106814,0.0,0.0,0.0
2020-12-11,0.0,0.0,0.0,0.0
2020-12-16,0.0,0.0,0.0,0.0
2020-12-21,0.0,0.0,0.0,0.0
2020-12-26,0.0,0.0,0.0,0.0
